"Player Name "," Team "," Position ","ab ","hits ","1b ","2b ","3b ","runs ","hrs ","rbi ","bb ","sb ","cs ","so ","ave ","obp ","slg ","ops "
"Miguel Cabrera","DET","3B",583,188,111,40,0,107,36,120,80,3,2,95,0.32,0.41,0.58,0.99
"Ryan Braun","MIL","LF",594,184,109,38,3,104,34,109,61,25,6,114,0.31,0.38,0.56,0.94
"Mike Trout","LAA","LF/CF",588,176,112,29,8,114,26,76,66,44,8,137,0.3,0.38,0.51,0.89
"Robinson Cano","NYY","2B",610,187,109,44,3,99,29,102,49,4,2,90,0.31,0.36,0.53,0.89
"Matt Kemp","LAD","CF",555,163,99,29,4,94,31,100,59,21,8,143,0.29,0.36,0.52,0.89
"Joey Votto","CIN","1B",530,165,94,42,1,97,26,98,104,8,4,118,0.31,0.43,0.55,0.98
"Albert Pujols","LAA","1B/DH",580,170,97,38,0,96,33,105,64,8,2,71,0.29,0.37,0.53,0.9
"Andrew McCutchen","PIT","CF",577,169,105,32,5,96,25,89,76,22,10,120,0.29,0.38,0.5,0.88
"Carlos Gonzalez","COL","LF",534,160,96,32,6,93,27,93,53,20,6,119,0.3,0.36,0.53,0.9
"Prince Fielder","DET","1B",560,166,99,31,1,94,32,109,92,1,0,99,0.3,0.41,0.53,0.93
"Giancarlo Stanton","MIA","RF",523,146,71,32,3,87,41,100,64,6,3,160,0.28,0.36,0.58,0.95
"Jose Bautista","TOR","RF/LF",485,129,65,23,2,91,37,96,90,7,2,100,0.27,0.38,0.55,0.94
"Troy Tulowitzki","COL","SS",479,143,81,30,3,81,26,88,52,8,3,72,0.3,0.37,0.54,0.91
"Josh Hamilton","LAA","LF/CF",523,149,86,30,3,86,29,99,47,7,3,126,0.28,0.34,0.52,0.87
"Adrian Beltre","TEX","3B/DH",535,162,97,33,1,82,29,94,32,2,1,73,0.3,0.34,0.53,0.87
"Evan Longoria","TB","3B/DH",504,140,78,30,2,81,28,96,67,6,3,107,0.28,0.37,0.51,0.88
"Justin Upton","ATL","RF",567,158,100,31,4,96,24,84,67,19,7,131,0.28,0.36,0.47,0.83
"Jose Reyes","TOR","SS",572,170,115,33,11,88,11,54,48,32,9,54,0.3,0.35,0.45,0.8
"Dustin Pedroia","BOS","2B",566,165,106,38,3,89,17,74,63,19,6,69,0.29,0.36,0.46,0.82
"David Wright","NYM","3B",527,150,94,33,2,81,20,85,70,14,7,118,0.29,0.37,0.47,0.84
"Edwin Encarnacion","TOR","1B/DH",516,140,80,27,0,83,31,91,63,8,2,89,0.27,0.36,0.51,0.86
"Ian Kinsler","TEX","2B",583,153,91,34,4,99,21,67,66,21,6,78,0.26,0.34,0.44,0.79
"Jason Heyward","ATL","RF",548,146,87,29,5,86,25,80,68,17,6,132,0.27,0.35,0.47,0.82
"Bryce Harper","WSH","LF/CF/RF",572,157,94,30,7,92,25,80,63,20,7,129,0.27,0.35,0.48,0.83
"Buster Posey","SF","C/1B",516,161,104,32,2,76,21,91,61,2,1,90,0.31,0.39,0.51,0.89
"Adam Jones","BAL","CF",601,172,108,32,3,87,27,86,32,13,6,120,0.29,0.33,0.49,0.81
"Adrian Gonzalez","LAD","1B/RF",596,177,114,37,1,86,24,101,63,1,0,111,0.3,0.37,0.49,0.85
"Jay Bruce","CIN","RF",558,146,79,29,4,89,34,99,65,8,4,150,0.26,0.34,0.51,0.85
"Starlin Castro","CHC","SS",613,182,128,33,9,80,12,71,36,22,10,90,0.3,0.34,0.44,0.78
"Matt Holliday","STL","LF",565,165,102,37,1,91,25,95,69,5,3,115,0.29,0.38,0.49,0.87
"Jacoby Ellsbury","BOS","CF",517,150,99,31,3,81,15,61,38,27,8,75,0.29,0.34,0.45,0.79
"Yoenis Cespedes","OAK","LF/CF/DH",531,150,94,27,4,79,25,88,49,15,4,109,0.28,0.35,0.49,0.84
"Ryan Zimmerman","WSH","3B",521,149,93,30,1,80,23,84,57,4,2,101,0.29,0.36,0.48,0.84
"Billy Butler","KC","1B/DH",593,180,116,37,1,81,24,100,61,2,1,99,0.3,0.37,0.49,0.86
"Paul Goldschmidt","ARI","1B",530,145,81,37,2,84,25,90,64,13,3,146,0.27,0.35,0.5,0.85
"B.J. Upton","ATL","CF",565,140,81,32,3,83,24,77,61,32,9,162,0.25,0.32,0.44,0.76
"Allen Craig","STL","1B/LF/RF",492,146,88,32,1,76,23,89,40,3,1,95,0.3,0.35,0.5,0.85
"Ben Zobrist","TB","2B/SS/RF",552,146,86,36,5,85,18,81,86,16,6,110,0.27,0.36,0.45,0.81
"Aramis Ramirez","MIL","3B",521,148,87,34,2,77,24,92,40,4,1,77,0.29,0.34,0.5,0.84
"Brandon Phillips","CIN","2B",583,165,113,32,2,87,17,73,38,14,6,80,0.28,0.33,0.43,0.76
"Ian Desmond","WSH","SS",548,149,98,31,3,68,18,70,33,21,7,120,0.27,0.32,0.44,0.75
"Jason Kipnis","CLE","2B",548,144,97,24,5,80,15,68,57,22,5,110,0.26,0.34,0.41,0.74
"Freddie Freeman","ATL","1B",553,154,94,33,1,85,24,92,61,3,2,126,0.28,0.35,0.48,0.83
"Joe Mauer","MIN","C/1B/DH",491,151,108,28,2,74,10,73,69,4,3,69,0.31,0.39,0.43,0.83
"Aaron Hill","ARI","2B",546,147,91,32,3,78,19,73,44,12,5,79,0.27,0.33,0.45,0.78
"Jimmy Rollins","PHI","SS",561,144,95,27,4,85,17,59,55,24,6,73,0.26,0.32,0.41,0.73
"Alex Rios","CWS","RF/CF",568,156,102,30,4,77,19,76,29,19,7,87,0.28,0.31,0.45,0.76
"Shin-Soo Choo","CIN","RF",532,148,96,31,3,84,17,62,66,17,6,129,0.28,0.37,0.45,0.82
"Brett Lawrie","TOR","3B",523,145,91,29,6,76,17,67,39,16,7,99,0.28,0.34,0.45,0.79
"Elvis Andrus","TEX","SS",599,169,129,28,6,87,4,59,58,27,10,85,0.28,0.35,0.37,0.72
"Michael Bourn","CLE","CF",604,164,124,28,7,90,6,51,62,44,12,137,0.27,0.34,0.37,0.71
"Pablo Sandoval","SF","3B",493,145,90,30,3,68,19,78,43,2,2,73,0.29,0.35,0.48,0.83
"Desmond Jennings","TB","LF/CF",549,139,93,24,7,89,14,54,57,34,6,124,0.25,0.33,0.4,0.73
"Carlos Santana","CLE","C/1B/DH",503,128,74,29,2,77,22,80,90,4,3,107,0.26,0.37,0.45,0.82
"Alex Gordon","KC","LF",581,165,101,40,4,91,18,75,70,11,5,135,0.28,0.37,0.46,0.82
"Yadier Molina","STL","C",492,146,102,27,0,61,16,71,42,8,4,53,0.3,0.36,0.45,0.8
"Austin Jackson","DET","CF",592,164,111,29,9,99,14,59,62,18,7,156,0.28,0.35,0.43,0.78
"Anthony Rizzo","CHC","1B",560,154,92,33,1,79,26,91,54,6,3,126,0.27,0.34,0.48,0.82
"Asdrubal Cabrera","CLE","SS",561,153,100,32,2,74,17,71,47,11,4,102,0.27,0.34,0.43,0.76
"Matt Wieters","BAL","C",509,132,81,26,1,68,22,79,55,2,0,102,0.26,0.33,0.45,0.78
"Hanley Ramirez","LAD","3B/SS",457,121,82,24,2,66,17,65,48,18,7,95,0.27,0.34,0.44,0.77
"Jose Altuve","HOU","2B",579,168,122,31,5,81,9,48,36,29,13,76,0.29,0.34,0.4,0.74
"Chase Headley","SD","3B",504,139,92,28,2,71,18,75,65,13,4,124,0.28,0.36,0.44,0.8
"Eric Hosmer","KC","1B",553,152,99,28,3,74,19,77,52,14,3,92,0.27,0.34,0.44,0.78
"Victor Martinez","DET","C/DH",467,140,96,27,1,64,14,76,40,1,0,53,0.3,0.35,0.45,0.8
"Ike Davis","NYM","1B",499,129,72,27,1,72,27,86,64,1,1,130,0.26,0.34,0.48,0.83
"Mark Trumbo","LAA","1B/3B/LF/RF/DH",538,140,84,24,2,68,30,89,35,5,4,139,0.26,0.31,0.48,0.79
"Martin Prado","ARI","2B/3B/SS/LF",589,174,118,38,4,83,13,69,48,9,5,69,0.3,0.35,0.44,0.79
"Paul Konerko","CWS","1B/DH",507,146,96,22,0,70,26,85,59,0,0,87,0.29,0.37,0.49,0.86
"Carlos Beltran","STL","CF/RF",483,133,79,27,3,70,22,78,60,8,3,97,0.28,0.36,0.48,0.84
"David Freese","STL","3B",460,133,90,23,1,63,16,72,46,3,2,108,0.29,0.36,0.45,0.81
"Rickie Weeks","MIL","2B",535,135,82,28,3,83,21,65,63,12,3,142,0.25,0.34,0.44,0.78
"Melky Cabrera","TOR","LF/RF",548,166,112,33,6,83,14,69,40,14,5,78,0.3,0.35,0.46,0.82
"Curtis Granderson","NYY","CF",453,111,61,17,5,78,28,78,57,10,4,137,0.25,0.33,0.49,0.82
"David Ortiz","BOS","1B/DH",427,124,68,30,1,73,25,80,64,0,1,81,0.29,0.38,0.54,0.92
"Josh Willingham","MIN","LF/DH",474,121,66,25,1,73,27,89,65,4,1,130,0.26,0.35,0.49,0.84
"Nelson Cruz","TEX","RF",495,132,74,33,1,71,24,80,41,9,3,116,0.27,0.32,0.49,0.81
"Ryan Howard","PHI","1B",488,122,69,23,2,69,27,93,57,1,0,156,0.25,0.33,0.47,0.81
"Shane Victorino","BOS","LF/CF",550,148,96,29,9,78,13,64,51,28,6,74,0.27,0.34,0.43,0.76
"Wilin Rosario","COL","C",399,105,60,19,1,55,24,61,24,3,3,100,0.26,0.31,0.5,0.81
"Carlos Gomez","MIL","CF",442,110,71,19,4,64,16,50,26,31,6,106,0.25,0.3,0.42,0.72
"Hunter Pence","SF","RF",586,159,106,29,4,82,20,87,51,7,3,125,0.27,0.33,0.44,0.77
"Mike Napoli","BOS","C/1B",401,103,56,20,1,65,25,69,55,2,1,119,0.26,0.36,0.5,0.86
"Chase Utley","PHI","2B",417,110,70,20,4,65,14,59,52,12,2,60,0.26,0.36,0.43,0.79
"Carl Crawford","LAD","LF",444,122,80,23,6,64,11,54,28,22,6,85,0.27,0.32,0.43,0.75
"Miguel Montero","ARI","C",459,125,81,27,2,63,15,73,55,0,1,107,0.27,0.36,0.44,0.8
"Salvador Perez","KC","C",427,125,85,23,1,53,13,56,20,0,0,49,0.29,0.33,0.44,0.77
"Will Middlebrooks","BOS","3B",474,128,77,26,1,59,22,76,26,7,2,126,0.27,0.31,0.47,0.78
"Adam LaRoche","WSH","1B",508,132,76,29,1,69,24,82,57,1,1,131,0.26,0.33,0.46,0.8
"Mike Moustakas","KC","3B",548,141,86,31,1,67,21,75,38,5,2,105,0.26,0.31,0.43,0.74
"Chris Davis","BAL","1B/LF/RF/DH",501,133,80,24,1,69,27,77,36,3,1,159,0.27,0.32,0.48,0.8
"Nick Markakis","BAL","RF",558,162,109,36,2,79,15,69,58,5,2,74,0.29,0.36,0.44,0.8
"Dan Uggla","ATL","2B",528,126,76,25,0,79,24,80,73,3,2,149,0.24,0.34,0.43,0.76
"Neil Walker","PIT","2B",539,150,98,33,2,74,14,74,51,7,4,108,0.28,0.34,0.43,0.77
"Norichika Aoki","MIL","LF/CF/RF",545,155,109,34,4,82,9,54,45,24,7,60,0.29,0.35,0.42,0.76
"Danny Espinosa","WSH","2B/SS",547,132,81,30,3,71,19,63,48,16,6,163,0.24,0.32,0.41,0.73
"Jesus Montero","SEA","C/DH",504,136,92,23,1,57,18,68,36,0,1,100,0.27,0.32,0.43,0.75
"Mark Teixeira","NYY","1B",396,100,57,21,1,61,22,72,51,2,1,78,0.25,0.35,0.48,0.82
"Andre Ethier","LAD","RF",522,147,95,31,1,75,19,80,56,2,2,111,0.28,0.36,0.46,0.81
"Brett Gardner","NYY","LF/CF",433,115,83,17,5,72,5,40,57,36,9,83,0.27,0.36,0.37,0.72
"Alejandro De Aza","CWS","LF/CF",529,150,102,30,6,81,10,54,47,25,11,107,0.28,0.35,0.42,0.77
"Pedro Alvarez","PIT","3B",518,127,73,25,2,68,27,83,57,2,1,170,0.25,0.32,0.46,0.78
"Derek Jeter","NYY","SS/DH",546,159,124,24,2,80,9,53,43,9,4,82,0.29,0.35,0.39,0.74
"Alcides Escobar","KC","SS",582,158,120,25,7,69,5,52,30,27,7,87,0.27,0.31,0.37,0.68
"Todd Frazier","CIN","1B/3B/LF",498,128,74,29,4,66,22,74,42,7,3,125,0.26,0.32,0.46,0.78
"Josh Rutledge","COL","2B/SS",518,146,92,35,7,69,14,63,24,13,3,104,0.28,0.32,0.46,0.78
"Erick Aybar","LAA","SS",519,145,103,27,5,66,8,51,27,21,6,66,0.28,0.32,0.4,0.72
"Angel Pagan","SF","CF",548,153,106,31,9,81,8,53,45,27,7,87,0.28,0.33,0.41,0.74
"Kendrys Morales","SEA","1B/DH",471,130,81,23,1,61,21,73,33,1,1,103,0.28,0.33,0.47,0.79
"Michael Morse","SEA","LF/RF",468,131,85,23,1,62,22,73,31,1,1,114,0.28,0.33,0.47,0.8
"Nick Swisher","CLE","1B/RF",516,136,83,31,1,77,22,84,76,2,2,129,0.26,0.36,0.45,0.81
"Brian McCann","ATL","C",404,104,68,18,0,49,18,61,48,3,1,77,0.26,0.34,0.43,0.77
"Ichiro Suzuki","NYY","LF/CF/RF",599,172,136,25,4,72,8,54,30,27,7,66,0.29,0.32,0.38,0.7
"Josh Reddick","OAK","CF/RF/LF",562,141,82,28,5,76,25,78,48,8,3,124,0.25,0.31,0.45,0.76
"Corey Hart","MIL","1B/RF",423,115,65,24,3,66,22,64,37,4,2,106,0.27,0.34,0.5,0.83
"Howie Kendrick","LAA","2B",554,155,108,32,4,68,11,67,31,13,6,110,0.28,0.32,0.41,0.74
"Kyle Seager","SEA","2B/3B",552,146,95,31,1,66,16,70,44,11,6,102,0.27,0.32,0.41,0.74
"Michael Cuddyer","COL","1B/RF",495,136,79,34,3,73,19,74,45,8,3,94,0.28,0.34,0.48,0.81
"Torii Hunter","DET","RF/CF",531,149,106,24,1,74,18,79,46,7,4,120,0.28,0.34,0.43,0.78
"Jonathan Lucroy","MIL","C",408,115,80,19,2,51,12,59,31,4,1,70,0.28,0.34,0.43,0.77
"Adam Dunn","CWS","1B/LF/DH",495,106,53,21,0,73,31,81,87,1,1,195,0.21,0.33,0.44,0.78
"Ben Revere","PHI","LF/CF/RF",548,155,132,15,6,67,1,42,33,38,12,59,0.28,0.33,0.34,0.66
"Justin Morneau","MIN","1B/DH",469,127,79,26,1,62,18,72,49,1,0,91,0.27,0.34,0.45,0.79
"Dexter Fowler","COL","CF",509,140,88,28,13,86,12,53,73,13,6,135,0.28,0.37,0.45,0.82
"Jayson Werth","WSH","CF/RF",483,127,81,29,2,71,16,61,67,12,3,120,0.26,0.36,0.43,0.79
"Manny Machado","BAL","3B",500,128,80,24,5,61,17,63,36,8,3,99,0.26,0.31,0.43,0.74
"Coco Crisp","OAK","LF/CF",466,124,84,23,5,68,9,47,42,36,6,66,0.27,0.32,0.4,0.72
"J.J. Hardy","BAL","SS",550,141,88,26,2,70,21,66,36,0,0,91,0.26,0.3,0.42,0.73
"Lance Berkman","TEX","1B",356,99,57,19,1,57,18,61,62,3,2,74,0.28,0.39,0.49,0.88
"Alexei Ramirez","CWS","SS",579,157,114,26,3,68,13,67,29,13,6,78,0.27,0.31,0.39,0.7
"Jason Kubel","ARI","LF",475,123,70,26,3,65,23,77,51,1,1,124,0.26,0.33,0.47,0.81
"Adam Eaton","ARI","CF/LF",455,129,93,27,5,72,8,48,53,21,10,83,0.28,0.38,0.42,0.79
"Jedd Gyorko","SD","2B",418,111,74,21,1,56,15,56,36,4,2,95,0.27,0.33,0.43,0.76
"Ryan Ludwick","CIN","LF/RF",451,117,72,24,1,60,20,76,44,1,1,108,0.26,0.33,0.45,0.78
"A.J. Pierzynski","TEX","C",441,122,84,22,2,52,14,58,22,1,1,56,0.28,0.32,0.43,0.75
"Garrett Jones","PIT","1B/RF",460,119,68,28,2,60,20,72,42,4,1,104,0.26,0.32,0.46,0.78
"Trevor Plouffe","MIN","3B/RF",473,116,67,23,2,63,21,61,39,3,3,106,0.24,0.31,0.44,0.74
"Michael Young","PHI","1B/2B/3B/DH",560,163,117,29,3,72,10,72,37,3,2,75,0.29,0.33,0.41,0.74
"Yonder Alonso","SD","1B",523,144,94,33,1,60,13,69,59,4,2,99,0.28,0.35,0.42,0.77
"Mark Reynolds","CLE","1B/3B",486,106,54,23,1,73,27,75,73,4,3,178,0.22,0.33,0.44,0.77
"Ryan Doumit","MIN","C/LF/RF/DH",426,114,72,25,1,49,15,59,31,0,0,85,0.27,0.32,0.44,0.76
"Cameron Maybin","SD","CF",505,129,90,22,6,68,10,51,45,27,7,116,0.26,0.32,0.38,0.7
"Alex Avila","DET","C",402,104,65,24,2,53,13,58,60,2,1,108,0.26,0.36,0.42,0.78
"Emilio Bonifacio","TOR","2B/CF",421,113,86,16,5,55,3,33,41,32,7,91,0.27,0.34,0.35,0.69
"Kevin Youkilis","NYY","1B/3B",411,105,60,21,2,67,18,65,54,1,0,96,0.26,0.36,0.45,0.8
"Dustin Ackley","SEA","1B/2B",577,145,100,26,5,81,12,55,65,11,3,113,0.25,0.33,0.38,0.7
"Starling Marte","PIT","LF/CF",500,133,91,23,10,67,12,54,26,24,11,129,0.27,0.31,0.42,0.73
"Everth Cabrera","SD","2B/SS",444,108,80,19,4,55,2,33,46,39,7,111,0.24,0.32,0.32,0.64
"Andrelton Simmons","ATL","SS",494,138,99,24,5,61,7,52,34,13,7,59,0.28,0.33,0.39,0.72
"Carlos Quentin","SD","LF",400,102,55,25,1,59,21,70,42,1,1,70,0.25,0.35,0.48,0.82
"Juan Pierre","MIA","LF/CF",492,140,122,14,5,66,1,37,32,33,10,36,0.29,0.34,0.34,0.68
"Carlos Ruiz","PHI","C",336,98,64,22,0,45,9,47,35,2,1,45,0.29,0.37,0.45,0.82
"Omar Infante","DET","2B",523,147,106,24,5,60,9,53,27,10,3,64,0.28,0.32,0.4,0.72
"Drew Stubbs","CLE","CF",459,107,79,17,3,66,13,46,46,27,7,156,0.23,0.31,0.36,0.67
"Chris Carter","HOU","1B",441,106,58,22,1,67,24,71,56,3,1,138,0.24,0.33,0.46,0.79
"Tyler Colvin","COL","1B/LF/CF/RF",382,98,56,22,7,53,16,56,24,5,2,107,0.26,0.3,0.48,0.78
"Matt Carpenter","STL","1B/3B/RF",379,102,67,23,4,52,8,53,46,3,2,75,0.27,0.35,0.42,0.77
"Lorenzo Cain","KC","CF/RF",475,129,90,22,5,61,11,56,35,17,4,109,0.27,0.33,0.41,0.73
"Marco Scutaro","SF","2B/3B/SS",538,154,113,28,2,74,7,59,41,6,3,51,0.29,0.34,0.39,0.72
"Stephen Drew","BOS","SS",415,107,67,24,5,57,10,52,46,4,3,94,0.26,0.33,0.41,0.74
"David Murphy","TEX","LF/RF",454,130,87,25,2,62,14,62,47,10,5,75,0.29,0.35,0.44,0.8
"Brandon Belt","SF","1B",470,127,78,28,5,62,14,67,63,11,4,120,0.27,0.36,0.44,0.8
"Aaron Hicks","MIN","LF",418,99,69,23,6,59,7,37,51,16,9,114,0.24,0.32,0.37,0.69
"Dayan Viciedo","CWS","LF/RF",509,136,90,21,1,64,23,72,33,2,1,113,0.27,0.32,0.45,0.77
"Daniel Murphy","NYM","1B/2B",508,150,102,34,3,64,7,60,34,7,3,66,0.3,0.34,0.42,0.76
"J.P. Arencibia","TOR","C",383,88,47,18,1,47,20,58,26,1,0,114,0.23,0.28,0.44,0.73
"Michael Saunders","SEA","LF/CF",460,109,68,23,3,61,15,51,46,16,5,127,0.24,0.31,0.4,0.7
"Colby Rasmus","TOR","CF",510,123,72,24,5,74,21,71,51,6,3,134,0.24,0.31,0.43,0.74
"Zack Cozart","CIN","SS",527,134,84,30,3,68,15,52,32,7,2,103,0.26,0.3,0.41,0.71
"Denard Span","WSH","CF",533,146,106,28,6,73,4,44,50,17,5,69,0.27,0.34,0.38,0.71
"Peter Bourjos","LAA","CF",442,112,75,20,8,60,10,47,31,17,6,102,0.25,0.31,0.4,0.71
"Alfonso Soriano","CHC","LF",492,123,67,29,1,61,25,82,36,4,2,128,0.25,0.31,0.47,0.77
"Jed Lowrie","OAK","SS",388,98,57,19,1,52,14,49,41,2,1,69,0.25,0.33,0.42,0.75
"Eduardo Nunez","NYY","3B/SS",270,73,53,12,1,33,4,29,16,17,4,38,0.27,0.32,0.38,0.69
"Wil Myers","TB","RF",363,95,62,18,3,49,16,51,36,5,3,100,0.26,0.33,0.45,0.78
"Cody Ross","ARI","LF/RF/CF",454,118,74,29,1,62,17,66,40,4,2,111,0.26,0.32,0.44,0.77
"Justin Ruggiano","MIA","LF/CF/RF",427,115,72,27,1,57,15,57,40,16,7,119,0.27,0.34,0.45,0.78
"Jarrod Saltalamacchia","BOS","C",370,85,45,20,2,49,19,53,33,1,1,121,0.23,0.3,0.44,0.74
"Domonic Brown","PHI","LF/RF",425,111,71,24,3,56,13,57,48,8,4,89,0.26,0.34,0.43,0.76
"Mitch Moreland","TEX","1B",421,112,71,22,1,54,17,59,36,2,1,88,0.27,0.33,0.44,0.77
"Jean Segura","MIL","SS",447,119,91,17,6,52,5,46,32,24,8,74,0.27,0.32,0.36,0.68
"Jon Jay","STL","CF/LF",492,145,107,26,3,70,7,51,37,14,7,81,0.29,0.36,0.41,0.76
"Jhonny Peralta","DET","SS",524,135,89,29,2,62,15,70,45,1,1,102,0.26,0.32,0.41,0.72
"Lonnie Chisenhall","CLE","3B",422,111,73,22,2,53,14,54,26,3,1,84,0.26,0.31,0.42,0.73
"Brandon Moss","OAK","1B/LF/RF",439,112,64,24,1,63,23,69,42,3,2,128,0.26,0.33,0.47,0.8
"Justin Smoak","SEA","1B",401,93,59,16,0,45,15,48,48,1,0,95,0.23,0.32,0.39,0.7
"Adam Lind","TOR","1B/DH",457,117,74,22,2,52,20,68,36,1,0,99,0.26,0.31,0.44,0.75
"Carlos Pena","HOU","1B",467,100,55,20,2,68,23,71,83,2,2,159,0.22,0.34,0.41,0.75
"Wilson Ramos","WSH","C",279,73,52,15,1,34,9,35,24,0,1,55,0.26,0.32,0.41,0.74
"Kelly Johnson","TB","2B",448,104,66,20,3,58,15,52,53,11,4,134,0.23,0.32,0.39,0.71
"Chris Johnson","ATL","3B",350,94,63,20,2,39,10,48,21,3,1,94,0.27,0.31,0.43,0.74
"Jurickson Profar","TEX","2B",332,87,57,19,3,44,8,38,31,10,4,64,0.26,0.33,0.41,0.73
"Matt Joyce","TB","LF/RF",439,111,64,25,3,63,18,67,57,7,3,107,0.25,0.34,0.44,0.79
"Michael Brantley","CLE","CF",534,149,106,30,4,67,7,58,48,14,6,68,0.28,0.34,0.39,0.73
"Leonys Martin","TEX","CF/LF",336,93,62,20,3,46,9,40,29,13,7,66,0.28,0.34,0.43,0.77
"Mike Olt","TEX","1B",238,57,38,11,1,32,10,35,30,3,2,76,0.24,0.33,0.39,0.71
"Russell Martin","PIT","C",405,97,64,18,0,51,14,50,50,6,2,83,0.24,0.33,0.39,0.71
"Nolan Arenado","COL","3B",243,66,49,18,1,25,7,31,16,1,1,34,0.27,0.33,0.42,0.73
"Alex Rodriguez","NYY","3B/DH",270,71,49,12,0,42,11,42,32,4,1,66,0.26,0.35,0.44,0.78
"Travis Hafner","NYY","DH",309,80,51,15,1,39,14,48,38,0,0,71,0.26,0.35,0.45,0.8
"Nolan Reimold","BAL","LF",281,71,45,13,1,38,12,39,28,5,2,63,0.25,0.33,0.44,0.77
"Yunel Escobar","TB","SS",524,138,104,21,1,64,9,51,48,5,2,69,0.26,0.33,0.36,0.69
"Raul Ibanez","SEA","LF/RF/DH",371,92,56,19,2,46,13,53,33,2,0,76,0.25,0.31,0.42,0.73
"Logan Morrison","MIA","1B/LF",437,113,65,25,4,58,17,65,54,2,1,87,0.26,0.34,0.45,0.8
"Andy Dirks","DET","LF/RF/CF",400,112,76,22,3,58,11,47,27,8,3,70,0.28,0.33,0.43,0.76
"Hiroyuki Nakajima","OAK","SS",428,112,83,21,2,50,8,47,34,7,4,79,0.26,0.32,0.37,0.69
"Chris Young","OAK","CF",410,96,56,25,1,56,15,52,53,14,5,105,0.24,0.32,0.41,0.74
"Gordon Beckham","CWS","2B",512,127,83,26,1,65,15,58,40,5,4,96,0.25,0.31,0.39,0.7
"Pete Kozma","STL","SS",364,88,64,17,3,42,6,41,33,6,2,81,0.24,0.31,0.35,0.65
"Brett Wallace","HOU","1B/3B",454,117,80,23,1,56,15,55,39,1,1,130,0.26,0.33,0.41,0.74
"Jordany Valdespin","NYM","2B/LF/CF/RF",302,75,50,13,2,37,9,33,15,13,7,63,0.25,0.29,0.39,0.68
"Derek Norris","OAK","C",286,61,39,13,1,35,10,39,39,6,2,93,0.21,0.32,0.37,0.68
"Scott Hairston","CHC","LF/CF/RF",291,73,43,17,2,38,13,41,22,5,2,65,0.25,0.31,0.46,0.76
"Darin Ruf","PHI","LF",302,80,47,17,1,38,12,44,26,1,1,77,0.26,0.33,0.46,0.79
"Alberto Callaspo","LAA","3B",458,122,91,21,1,55,9,52,48,4,2,52,0.27,0.34,0.37,0.71
"Will Venable","SD","LF/CF/RF",412,104,69,19,7,57,10,49,40,22,5,104,0.25,0.32,0.41,0.73
"Delmon Young","PHI","LF/DH",447,122,83,24,1,51,14,64,20,1,1,82,0.27,0.31,0.43,0.74
"Brandon Guyer","TB","LF/RF",203,51,31,11,2,28,5,22,12,6,2,40,0.25,0.31,0.41,0.69
"Billy Hamilton","CIN","SS",229,58,49,8,4,31,1,19,23,28,11,60,0.25,0.33,0.34,0.66
"Todd Helton","COL","1B",340,92,60,21,1,47,10,48,52,1,1,65,0.27,0.36,0.42,0.79
"Yasmani Grandal","SD","C",279,76,51,15,1,38,9,41,40,0,0,67,0.27,0.37,0.43,0.8
"Travis d'Arnaud","NYM","C",232,61,38,14,1,29,8,32,16,2,1,57,0.26,0.32,0.44,0.75
"Matt Dominguez","HOU","3B",433,111,74,20,2,48,13,52,28,0,1,70,0.26,0.31,0.4,0.7
"Steve Lombardozzi","WSH","2B/3B/LF",332,90,73,16,4,38,3,29,20,7,4,49,0.27,0.32,0.37,0.68
"Lucas Duda","NYM","LF/RF",468,120,74,25,1,60,18,69,55,1,0,117,0.26,0.34,0.43,0.77
"Gerardo Parra","ARI","LF/CF/RF",392,109,79,20,5,50,7,42,34,11,4,78,0.28,0.34,0.4,0.74
"Oscar Taveras","STL","CF",210,59,38,14,2,28,6,30,16,3,2,35,0.28,0.34,0.44,0.77
"Justin Maxwell","HOU","LF/CF/RF",407,92,53,17,2,57,18,57,49,13,5,146,0.23,0.31,0.42,0.73
"Juan Francisco","ATL","3B",326,83,49,20,1,37,14,49,17,2,1,97,0.25,0.29,0.45,0.74
"John Jaso","OAK","C/DH",317,83,53,18,2,44,8,45,48,3,1,48,0.26,0.36,0.4,0.77
"Tyler Greene","HOU","2B/SS",381,90,63,19,2,47,11,36,34,15,4,119,0.24,0.31,0.39,0.69
"Brian Roberts","BAL","2B",314,78,56,16,1,38,5,29,30,9,3,54,0.25,0.31,0.36,0.67
"Placido Polanco","MIA","3B",428,119,96,17,1,48,4,40,29,2,0,39,0.28,0.32,0.35,0.67
"Maicer Izturis","TOR","2B/3B/SS",339,91,65,20,1,41,4,33,28,11,4,47,0.27,0.33,0.37,0.7
"Jemile Weeks","OAK","2B",290,74,54,13,5,35,2,24,28,12,5,49,0.26,0.33,0.36,0.68
"John Mayberry","PHI","1B/LF/CF",353,90,55,18,1,45,13,46,28,5,2,85,0.25,0.31,0.42,0.73
"Jonny Gomes","BOS","LF/DH",358,89,55,17,1,53,16,56,43,5,2,113,0.25,0.34,0.44,0.78
"Jamey Carroll","MIN","2B/3B/SS",427,117,98,15,3,54,1,34,47,8,3,64,0.28,0.35,0.33,0.68
"Rob Brantly","MIA","C",378,100,71,21,1,43,8,41,29,2,2,61,0.27,0.32,0.39,0.72
"Chris Iannetta","LAA","C",328,76,49,13,1,44,12,44,50,2,2,86,0.23,0.34,0.39,0.73
"A.J. Ellis","LAD","C",366,96,69,16,1,44,8,47,57,0,1,80,0.26,0.37,0.38,0.75
"Jeff Francoeur","KC","RF",506,130,85,28,3,58,15,61,31,8,5,104,0.26,0.31,0.41,0.72
"David DeJesus","CHC","CF/RF/LF",488,130,90,26,6,71,9,51,53,5,4,86,0.27,0.35,0.4,0.74
"Tyler Flowers","CWS","C",346,77,44,15,1,44,16,43,42,2,1,124,0.22,0.32,0.41,0.72
"Chris Nelson","COL","2B/3B",345,97,65,20,3,44,9,47,23,4,2,76,0.28,0.33,0.43,0.76
"Rajai Davis","TOR","LF/CF/RF",333,87,63,19,3,44,4,33,19,30,9,67,0.26,0.31,0.37,0.68
"Jordan Pacheco","COL","C/1B/3B",373,109,78,22,2,43,5,46,21,4,2,48,0.29,0.34,0.41,0.74
"Wilson Betemit","BAL","1B/3B/LF",359,95,58,21,1,44,12,47,35,1,1,104,0.27,0.33,0.44,0.77
"Ruben Tejada","NYM","SS",507,140,108,25,1,56,2,42,41,6,3,78,0.28,0.34,0.35,0.68
"Darin Mastroianni","MIN","LF/RF/CF",390,98,73,14,4,53,5,34,40,27,7,87,0.25,0.32,0.34,0.67
"Carlos Lee","MIA","1B",452,122,97,27,2,50,11,65,40,3,1,44,0.27,0.33,0.4,0.74
"Jeff Keppinger","CWS","1B/2B/3B/DH",459,136,100,22,1,57,9,51,31,1,1,36,0.3,0.34,0.41,0.75
"Donovan Solano","MIA","2B/3B/LF",416,113,87,20,3,43,3,40,28,8,1,78,0.27,0.32,0.36,0.67
"Welington Castillo","CHC","C",332,83,55,18,0,38,12,44,31,0,0,93,0.25,0.32,0.41,0.73
"Kurt Suzuki","WSH","C",352,88,60,17,1,39,9,42,24,2,1,53,0.25,0.31,0.37,0.67
"Jason Castro","HOU","C",359,91,61,18,2,45,8,39,42,1,1,78,0.25,0.33,0.38,0.71
"Rafael Furcal","STL","SS",346,90,68,15,3,46,5,34,31,9,3,47,0.26,0.32,0.37,0.69
"James Loney","TB","1B",426,113,82,22,1,44,8,50,33,3,2,59,0.27,0.32,0.38,0.69
"Seth Smith","OAK","LF/RF/DH",400,101,61,23,4,57,14,53,46,4,2,90,0.25,0.33,0.43,0.77
"Dee Gordon","LAD","SS",272,70,53,8,3,33,1,19,15,23,7,48,0.26,0.3,0.32,0.62
"Chris Parmelee","MIN","1B/RF",454,117,75,25,3,54,14,58,48,1,1,103,0.26,0.33,0.42,0.75
"John Buck","NYM","C",342,77,49,14,1,35,12,43,36,0,0,94,0.23,0.31,0.38,0.68
"Josh Donaldson","OAK","3B",347,85,55,20,0,45,12,47,29,5,2,83,0.24,0.31,0.4,0.71
"Ian Stewart","CHC","3B",300,68,43,12,2,35,11,37,35,3,2,86,0.23,0.31,0.39,0.7
"Travis Snider","PIT","LF/RF",392,99,64,24,1,51,12,50,36,8,3,102,0.25,0.32,0.41,0.73
"Jackie Bradley","BOS","CF",125,33,16,7,0,17,3,14,15,4,1,27,0.26,0,0.42,0.77
"Gregor Blanco","SF","LF/CF/RF",360,88,67,14,4,48,4,33,48,20,6,91,0.24,0.34,0.34,0.67
"Vernon Wells","LAA","LF/CF",299,73,48,15,1,38,13,39,19,4,2,50,0.24,0.29,0.43,0.72
"Nate Schierholtz","CHC","CF/RF",376,100,66,19,4,46,9,42,32,6,3,68,0.27,0.33,0.41,0.74
"Mark Ellis","LAD","2B",425,110,80,20,1,53,6,40,33,7,3,67,0.26,0.32,0.36,0.68
"J.D. Martinez","HOU","LF",391,102,72,21,2,46,11,55,35,1,1,94,0.26,0.33,0.41,0.73
"Brandon Crawford","SF","SS",442,106,73,22,3,47,6,45,37,3,3,97,0.24,0.3,0.35,0.65
"Cliff Pennington","ARI","2B/SS",461,117,81,24,4,56,7,45,40,16,6,93,0.25,0.32,0.37,0.68
"Franklin Gutierrez","SEA","CF",386,95,68,19,2,43,8,39,27,11,3,81,0.25,0.3,0.36,0.66
"Alex Presley","PIT","LF/RF/CF",297,79,54,14,6,40,7,29,20,9,5,58,0.27,0.32,0.43,0.74
"Nate McLouth","BAL","LF/CF",330,79,54,15,2,45,9,34,39,11,2,68,0.24,0.33,0.38,0.7
"Mike Aviles","CLE","SS",313,80,57,15,1,34,7,34,14,9,4,48,0.26,0.29,0.38,0.67
"Brian Dozier","MIN","SS",322,79,62,14,2,36,5,31,22,8,4,60,0.25,0.3,0.35,0.64
"Adeiny Hechavarria","MIA","2B/3B/SS",465,117,87,23,4,48,6,46,25,8,4,100,0.25,0.29,0.36,0.64
"Mike Carp","SEA","1B/LF",235,59,38,12,0,29,9,34,22,1,1,58,0.25,0.33,0.43,0.75
"Daniel Descalso","STL","2B/3B/SS",372,94,71,18,4,43,4,36,36,5,3,72,0.25,0.32,0.35,0.68
"Johnny Giavotella","KC","2B",343,90,65,18,3,41,4,37,23,6,3,56,0.26,0.32,0.37,0.67
"Ty Wigginton","STL","1B/3B/LF",299,72,49,13,1,36,9,37,29,2,1,66,0.24,0.31,0.38,0.69
"Logan Forsythe","SD","2B",347,89,66,16,3,47,6,35,38,9,3,80,0.26,0.34,0.37,0.71
"Ryan Roberts","TB","2B/3B",288,69,46,14,1,39,8,35,31,7,4,62,0.24,0.31,0.37,0.68
"Darwin Barney","CHC","2B",532,143,107,25,4,65,5,48,29,7,2,64,0.27,0.31,0.36,0.67
"Brennan Boesch","DET","RF",344,87,60,19,2,43,11,43,25,4,2,76,0.25,0.31,0.41,0.72
"Nick Evans","LAD","1B",244,62,39,14,1,30,8,30,21,1,1,59,0.25,0.31,0.42,0.73
"Josh Vitters","CHC","3B",257,60,38,12,1,27,7,29,16,3,2,58,0.23,0.29,0.35,0.62
"Mike Baxter","NYM","LF/RF",303,77,49,16,4,41,6,33,36,7,3,73,0.26,0.34,0.39,0.73
"Collin Cowgill","NYM","LF/CF/RF",285,73,55,14,2,36,5,32,27,10,4,66,0.26,0.33,0.36,0.68
"Pedro Ciriaco","BOS","2B/3B/SS",250,68,52,13,2,30,3,24,8,11,4,50,0.27,0.3,0.37,0.67
"Kirk Nieuwenhuis","NYM","LF/CF/RF",375,92,61,20,2,51,10,39,35,6,4,123,0.25,0.31,0.38,0.69
"Devin Mesoraco","CIN","C",280,70,41,16,1,34,10,36,27,1,1,59,0.25,0.32,0.42,0.73
"Chris Heisey","CIN","LF/CF/RF",304,79,55,14,3,41,11,38,21,5,2,80,0.26,0.32,0.43,0.74
"Tony Campana","CHC","LF/CF",200,52,49,7,1,26,1,12,14,23,5,48,0.26,0.31,0.31,0.62
"Roger Bernadina","WSH","LF/CF",255,66,50,12,1,31,6,27,25,12,3,61,0.26,0.33,0.39,0.71
"Jose Tabata","PIT","LF/RF",383,103,76,23,3,53,4,31,35,14,8,65,0.27,0.34,0.37,0.71
"Jason Bay","SEA","LF",238,55,38,9,1,30,7,29,30,6,1,67,0.23,0.32,0.37,0.68
"Sean Rodriguez","TB","2B/3B/SS",281,64,42,14,2,35,7,32,25,7,2,72,0.23,0.31,0.36,0.66
"Jerry Hairston Jr.","LAD","2B/3B/LF",250,65,45,12,1,28,4,27,23,2,2,33,0.26,0.33,0.37,0.7
"Eric Young","COL","LF/CF/RF",238,65,49,9,3,37,3,21,24,19,4,45,0.27,0.35,0.38,0.72
"Andres Torres","SF","CF",314,75,48,19,4,41,5,32,38,13,4,81,0.24,0.33,0.37,0.69
"Craig Gentry","TEX","CF/LF",261,71,56,10,2,36,2,27,18,15,4,48,0.27,0.34,0.36,0.7
"Geovany Soto","TEX","C",241,56,35,13,0,32,10,33,26,0,0,63,0.23,0.31,0.41,0.72
"Aaron Cunningham","TEX","LF,RF",187,45,27,12,1,22,4,23,16,2,3,43,0.24,0.31,0.37,0.66
"Aaron Rowand","MIA","CF",275,66,43,15,2,31,7,27,15,3,2,65,0.24,0.29,0.38,0.66
"Adam Kennedy","LAD","2B,3B",198,50,43,13,1,23,3,20,19,4,1,37,0.25,0.32,0.36,0.67
"Adam Moore","KC","C",156,38,33,11,0,16,4,16,13,1,0,47,0.24,0.31,0.38,0.66
"Adam Rosales","OAK","2B,SS",159,37,29,7,1,19,4,18,14,1,1,39,0.24,0.3,0.36,0.66
"Alberto Gonzalez","CHC","SS",151,36,30,7,1,15,1,14,6,0,1,24,0.24,0.28,0.32,0.59
"Alex Gonzalez","MIL","SS",280,69,42,15,1,32,9,36,16,2,1,61,0.25,0.29,0.4,0.69
"Alexi Casilla","BAL","2B",239,60,44,13,2,31,2,22,18,12,3,37,0.25,0.31,0.35,0.65
"Andres Blanco","PHI","SS",209,50,37,9,1,23,4,18,15,2,2,37,0.24,0.3,0.35,0.64
"Andruw Jones","NYY","LF,RF",264,60,35,11,1,36,14,40,34,3,1,74,0.23,0.32,0.43,0.76
"Andy LaRoche","TOR","3B",227,53,36,12,1,25,5,23,19,1,1,40,0.23,0.31,0.34,0.63
"Angel Sanchez","CWS","2B,SS",240,62,54,10,1,29,2,24,21,3,1,35,0.26,0.32,0.33,0.65
"Aubrey Huff","SF","1B",201,50,37,12,1,23,5,25,24,2,1,35,0.25,0.33,0.39,0.73
"Austin Romine","NYY","C",208,52,41,9,0,23,4,24,15,1,1,46,0.25,0.3,0.35,0.65
"Ben Francisco","CLE","LF,RF",159,39,28,10,1,17,4,18,15,2,1,35,0.25,0.32,0.38,0.7
"Bill Hall","LAA","RF,DH",190,42,28,9,1,22,6,21,16,3,1,73,0.22,0.28,0.38,0.66
"Blake DeWitt","ATL","2B",203,49,33,10,3,20,3,21,18,1,1,37,0.24,0.31,0.36,0.67
"Bobby Abreu","LAD","LF,RF",240,60,53,17,1,30,5,30,40,8,4,65,0.25,0.36,0.37,0.72
"Bobby Wilson","NYY","C",166,37,26,9,0,17,4,17,15,0,1,32,0.22,0.29,0.34,0.62
"Brad Emaus","BOS","2B",213,53,36,11,1,25,5,22,23,3,1,39,0.25,0.33,0.33,0.63
"Brad Hawpe","PIT","1B",227,53,33,13,1,27,6,26,27,1,1,69,0.23,0.32,0.38,0.7
"Brandon Allen","TEX","1B,LF",242,54,31,12,2,31,10,35,29,4,1,85,0.22,0,0.4,0.71
"Brandon Inge","OAK","2B,3B",270,61,42,13,1,29,8,36,27,1,1,80,0.23,0.3,0.37,0.66
"Brandon Wood","KC","3B,SS",289,61,41,12,1,29,7,30,17,1,0,85,0.21,0.26,0.32,0.57
"Brayan Pena","DET","C",162,40,32,9,0,15,2,19,9,1,0,22,0.25,0.29,0.35,0.64
"Brendan Ryan","SEA","SS",424,96,71,19,3,46,3,36,37,11,4,86,0.23,0.3,0.31,0.6
"Brent Lillibridge","CHC","1B,LF,RF,SS",165,37,27,6,1,24,5,17,13,9,4,57,0.23,0.3,0.36,0.65
"Brent Morel","CWS","3B",212,52,38,11,0,24,4,20,13,4,2,45,0.24,0.29,0.35,0.64
"Brett Hayes","KC","C",120,27,19,8,0,13,3,11,9,1,0,42,0.23,0.28,0.34,0.61
"Brian Schneider","PHI","C",122,26,18,5,0,13,2,11,11,0,0,26,0.22,0.29,0.32,0.61
"Brooks Conrad","COL","3B",171,38,20,9,0,22,8,27,18,2,1,59,0.22,0.3,0.4,0.69
"Bryan Anderson","CWS","C",165,39,31,8,0,17,4,16,15,0,0,44,0.23,0.31,0.34,0.64
"Casey Blake","COL","3B",257,65,42,14,2,33,7,34,27,2,2,65,0.25,0.33,0.4,0.73
"Casey Kotchman","CLE","1B",256,66,51,11,1,26,6,30,21,1,0,33,0.26,0.33,0.37,0.69
"Casey McGehee","NYY","1B,3B",357,88,58,18,1,39,11,52,30,1,1,71,0.25,0.3,0.39,0.7
"Casper Wells","SEA","LF,CF,RF",256,60,39,13,2,35,10,32,26,4,2,80,0.23,0.32,0.41,0.72
"Cesar Izturis","CIN","SS",235,56,45,8,2,22,2,17,11,4,2,29,0.24,0.28,0.31,0.59
"Chipper Jones","ATL","3B",369,100,64,23,0,49,13,56,49,2,1,60,0.27,0.36,0.44,0.8
"Chone Figgins","MIA","LF",225,53,44,10,2,26,1,16,25,10,5,46,0.23,0.31,0.3,0.61
"Chris Coghlan","MIA","LF,CF",199,49,35,12,1,27,3,19,21,4,3,37,0.25,0.33,0.36,0.68
"Chris Denorfia","SD","LF,RF,CF",337,93,70,17,4,45,7,35,30,11,5,58,0.28,0.34,0.41,0.74
"Chris Dickerson","BAL","LF",144,35,25,8,1,20,3,14,17,9,2,45,0.25,0.33,0.38,0.7
"Chris Getz","KC","2B",291,77,60,10,3,34,1,26,21,14,4,33,0.26,0.32,0.32,0.64
"Chris Snyder","WSH","C",179,38,26,7,0,21,6,24,29,0,0,55,0.21,0.33,0.35,0.67
"Chris Valaika","MIA","3B",240,59,51,14,1,24,3,22,13,1,1,58,0.24,0.29,0.34,0.62
"Clint Barmes","PIT","SS",429,101,71,21,1,42,9,43,29,2,2,89,0.24,0.29,0.35,0.64
"Cole Gillespie","SF","LF",248,60,39,13,4,28,5,30,24,5,3,60,0.24,0,0.39,0.7
"Cord Phelps","CLE","2B",211,50,39,12,2,25,4,22,20,2,3,48,0.24,0.31,0.33,0.62
"Corey Patterson","NYM","CF,LF",221,53,40,13,2,26,5,22,12,8,4,52,0.24,0.28,0.37,0.64
"Craig Tatum","NYY","C",112,25,20,4,0,11,1,11,10,1,1,25,0.23,0.29,0.29,0.58
"Daniel Nava","BOS","LF,RF",222,55,37,17,1,30,5,27,27,2,1,54,0.25,0.35,0.39,0.73
"Danny Valencia","BAL","3B",229,57,44,13,1,24,6,28,14,1,2,46,0.25,0.29,0.39,0.68
"Danny Worth","DET","2B",184,44,35,10,1,22,3,16,17,4,2,46,0.24,0.31,0.33,0.64
"Daric Barton","OAK","1B",255,61,47,16,1,33,4,26,49,3,1,57,0.24,0.37,0.35,0.71
"Darnell McDonald","CHC","LF,RF",170,41,28,10,2,25,5,20,19,3,2,46,0.24,0.32,0.4,0.71
"David Ross","BOS","C",183,47,29,10,1,21,8,27,20,1,1,54,0.26,0.33,0.44,0.77
"Derrek Lee","PIT","1B",319,84,55,17,1,45,12,47,33,2,1,77,0.26,0.34,0.44,0.78
"Dioner Navarro","CHC","C",162,40,25,7,1,16,4,19,15,1,0,27,0.24,0.31,0.37,0.68
"Diory Hernandez","HOU","SS,3B",190,43,31,8,1,17,3,18,9,2,2,37,0.23,0.27,0.36,0.61
"Don Kelly","DET","LF,CF,RF",168,40,37,6,1,21,4,17,13,3,1,31,0.24,0.3,0.35,0.65
"Donnie Murphy","MIL","3B",125,28,15,8,2,17,5,19,10,1,0,36,0.23,0.3,0.43,0.71
"Drew Butera","MIN","C",174,35,23,8,1,16,2,16,10,0,0,34,0.2,0.26,0.3,0.55
"Eli Whiteside","TEX","C",131,29,19,6,1,15,3,13,10,1,1,35,0.22,0.29,0.34,0.61
"Elliot Johnson","KC","2B,SS",209,52,38,9,2,25,5,24,17,10,5,57,0.25,0.31,0.37,0.68
"Emmanuel Burriss","CIN","2B",213,51,45,5,1,25,1,14,15,11,4,34,0.24,0.3,0.28,0.56
"Eric Hinske","ARI","1B",150,35,22,9,1,17,5,20,16,0,0,41,0.24,0.31,0.4,0.71
"Eric Sogard","OAK","2B,3B,SS",163,40,34,8,1,21,3,15,17,4,2,25,0.24,0.32,0.34,0.64
"Eric Thames","SEA","LF,RF",272,67,46,16,3,35,8,30,21,2,2,80,0.25,0.31,0.41,0.72
"Felix Pie","PIT","LF",236,59,38,14,4,28,3,23,13,6,1,42,0.25,0.3,0.38,0.68
"Fernando Martinez","HOU","LF,RF,CF",347,84,52,19,2,41,14,42,21,2,2,93,0.24,0.3,0.43,0.72
"Francisco Cervelli","NYY","C",211,53,43,9,1,24,3,25,21,2,1,48,0.25,0.33,0.34,0.67
"Freddy Sanchez","SF","2B",167,47,37,10,1,18,3,18,11,1,1,29,0.28,0.33,0.39,0.72
"Gaby Sanchez","PIT","1B",327,83,56,20,1,40,10,42,38,2,0,62,0.26,0.34,0.41,0.74
"Geoff Blum","ARI","3B",89,22,16,4,0,9,2,11,7,0,0,15,0.24,0.3,0.34,0.64
"George Kottaras","KC","C",173,40,24,8,1,22,7,25,26,0,1,44,0.23,0.33,0.42,0.75
"Gerald Laird","ATL","C",171,42,30,9,1,19,3,16,14,1,1,30,0.25,0.31,0.35,0.66
"Grady Sizemore","CLE","CF",184,43,27,12,2,23,6,23,15,3,2,48,0.23,0.3,0.4,0.7
"Greg Dobbs","MIA","1B,3B,LF,RF",265,70,50,12,1,25,5,31,14,2,1,51,0.26,0.3,0.38,0.68
"Hank Conger","LAA","C",224,55,39,11,1,22,6,24,19,0,0,44,0.24,0.31,0.38,0.68
"Henry Blanco","TOR","C",112,26,17,5,0,12,4,12,11,1,0,27,0.23,0.3,0.38,0.67
"Hideki Matsui","OAK","LF,DH",290,70,49,13,0,31,8,40,31,1,1,56,0.24,0.31,0.37,0.69
"Humberto Quintero","PHI","C",151,35,27,9,0,11,2,15,5,0,0,34,0.23,0.27,0.32,0.58
"Jack Cust","NYY","DH",269,63,39,13,0,36,10,38,48,2,1,99,0.23,0.36,0.4,0.76
"Jack Hannahan","CIN","3B",216,52,35,10,1,22,4,24,23,1,1,54,0.24,0.32,0.36,0.67
"Jack Wilson","ATL","SS",192,45,34,9,1,19,1,15,9,2,2,33,0.24,0.27,0.31,0.57
"Jared Goedert","CLE","OF",438,105,67,25,1,51,12,51,34,1,0,101,0.24,0.3,0.38,0.68
"Jarrett Hoffpauir","TOR","3B",198,49,35,10,1,21,3,20,15,2,1,26,0.25,0,0.27,0.55
"Jarrod Dyson","KC","CF",261,67,55,10,3,38,1,20,25,25,5,52,0.26,0.32,0.33,0.65
"Jason Bartlett","SD","SS",221,55,47,13,2,28,2,20,22,6,4,45,0.25,0.32,0.33,0.64
"Jason Bourgeois","TB","CF,RF",173,44,42,7,1,22,1,12,12,13,5,24,0.26,0.31,0.33,0.64
"Jason Donald","CIN","2B,3B,SS",216,53,42,11,2,27,3,19,16,5,2,59,0.25,0.32,0.36,0.66
"Jason Giambi","CLE","1B",145,34,21,7,0,17,6,22,24,0,0,44,0.23,0.35,0.41,0.76
"Jayson Nix","NYY","3B",196,44,28,11,1,23,6,22,15,4,2,57,0.22,0.29,0.37,0.65
"Jeff Baker","TEX","1B,RF",137,35,25,9,1,15,3,17,9,1,0,34,0.26,0.3,0.4,0.7
"Jeff Clement","MIN","1B",230,55,33,14,1,28,8,32,19,1,1,59,0.24,0.3,0.4,0.69
"Jeff Mathis","MIA","C",198,41,27,8,1,18,4,20,11,1,1,61,0.21,0.25,0.32,0.57
"Jeremy Hermida","CLE","RF",245,58,38,12,1,28,7,29,23,2,0,71,0.24,0.31,0.37,0.67
"Jerry Sands","PIT","RF,LF",216,52,35,13,1,28,7,29,21,3,1,59,0.24,0.32,0.4,0.72
"Jesus Flores","LAD","C",180,40,29,10,1,16,4,18,11,0,1,48,0.22,0.27,0.35,0.61
"Jesus Guzman","SD","1B,LF,RF",273,72,48,18,2,33,7,41,25,4,2,58,0.27,0.33,0.42,0.75
"Jim Thome","BAL","DH",203,52,32,11,0,27,11,34,32,0,0,65,0.25,0.36,0.47,0.83
"Joaquin Arias","SF","3B,SS",222,58,44,10,3,25,3,23,10,4,1,35,0.26,0.3,0.37,0.67
"John Baker","SD","C",135,32,23,6,0,14,1,11,15,1,1,31,0.24,0.32,0.3,0.61
"John Bowker","PHI","LF,RF",253,65,42,13,1,32,9,37,22,2,3,53,0.26,0.32,0.4,0.7
"John Hester","LAA","C",148,33,24,7,1,17,3,14,12,1,1,42,0.22,0.29,0.35,0.63
"John McDonald","ARI","SS",159,39,26,7,1,16,3,17,9,1,1,24,0.24,0.29,0.36,0.65
"Johnny Damon","CLE","LF",248,64,52,15,3,34,6,28,26,6,2,45,0.26,0.33,0.4,0.72
"Carlos Corporan","HOU","C",168,39,26,8,1,15,4,19,11,0,1,45,0.23,0.29,0.36,0.64
"Jonathan Herrera","COL","2B,3B,SS",240,62,52,8,1,30,3,18,22,3,2,40,0.26,0.33,0.34,0.66
"Jordan Danks","CWS","LF,CF",197,47,36,10,1,26,5,19,23,6,3,68,0.24,0.32,0.35,0.66
"Jordan Schafer","ATL","CF",206,46,36,8,1,26,2,15,22,13,5,60,0.23,0.3,0.31,0.61
"Jorge Posada","NYY","DH",306,76,49,16,0,37,12,43,37,2,1,72,0.25,0.34,0.42,0.75
"Jose Iglesias","BOS","SS",203,50,44,8,1,22,2,15,13,5,2,37,0.25,0.3,0.31,0.6
"Jose Lopez","CWS","1B,3B",337,85,57,19,0,33,9,42,15,2,1,47,0.25,0.29,0.39,0.67
"Jose Molina","TB","C",267,63,45,10,0,28,7,27,20,3,1,63,0.23,0.29,0.35,0.64
"Josh Bell","CWS","3B",293,68,44,13,1,34,10,36,24,2,2,88,0.23,0.29,0.35,0.63
"Josh Rodriguez","NYM","SS",268,62,44,11,1,30,6,28,24,3,3,74,0.23,0.3,0.23,0.43
"Josh Thole","TOR","C",247,64,50,13,0,22,2,24,25,0,1,37,0.26,0.33,0.34,0.67
"Josh Wilson","ARI","3B",263,62,42,15,2,26,3,24,14,3,1,60,0.24,0.29,0.34,0.61
"Juan Miranda","TB","1B",222,50,31,10,1,27,7,28,25,1,1,60,0.22,0.31,0.38,0.69
"Juan Rivera","NYY","1B,LF",312,80,56,15,0,36,10,46,23,2,2,45,0.26,0.31,0.4,0.71
"Juan Uribe","LAD","3B",249,56,38,12,1,26,7,30,19,1,1,55,0.23,0.29,0.36,0.64
"Julio Borbon","TEX","CF",189,53,49,8,2,26,3,19,12,9,3,30,0.28,0.33,0.38,0.7
"Julio Lugo","CLE","3B",143,33,27,4,1,17,1,13,10,3,2,30,0.23,0.29,0.29,0.57
"Kelly Shoppach","SEA","C",181,37,24,7,1,19,6,20,17,0,0,72,0.2,0.3,0.36,0.65
"Dane Sardinha","BAL","C",121,25,17,5,0,13,3,12,11,1,0,39,0.21,0.28,0.35,0.64
"Kevin Frandsen","PHI","3B",224,63,50,13,1,26,2,22,11,2,1,24,0.28,0.34,0.38,0.71
"Kyle Hudson","BAL","LF",259,63,57,5,1,30,0,12,20,14,7,64,0.24,0,0.21,0.43
"Kila Ka'aihue","ARI","1B",312,77,45,18,1,40,13,46,41,1,1,76,0.25,0.34,0.43,0.76
"Kosuke Fukudome","NYY","RF,LF",310,76,52,16,2,36,7,30,48,3,4,67,0.25,0.35,0.38,0.72
"Kyle Blanks","SD","1B,LF,RF",136,31,20,8,1,18,5,18,15,1,0,44,0.23,0.32,0.41,0.71
"Landon Powell","NYM","C",155,34,25,4,0,19,4,16,19,0,0,40,0.22,0.3,0.31,0.6
"Laynce Nix","PHI","1B,LF,RF",216,54,32,13,1,26,8,29,19,1,1,58,0.25,0.31,0.43,0.74
"Lou Marson","CLE","C",222,50,35,10,1,27,2,20,29,4,2,53,0.23,0.32,0.31,0.63
"Luis Exposito","BAL","C",177,42,33,13,0,18,4,20,13,0,1,40,0.24,0.3,0.28,0.55
"Luis Hernandez","CLE","SS",282,68,51,11,2,28,4,28,15,4,2,50,0.24,0.29,0.37,0.67
"Luis Martinez","BAL","C",171,39,37,10,1,18,1,15,19,1,1,51,0.23,0.32,0.25,0.54
"Luis Valbuena","CHC","3B",291,69,48,17,1,32,6,32,32,2,2,67,0.24,0.32,0.35,0.67
"Luke Hughes","OAK","3B",177,40,35,12,1,20,4,19,16,3,2,57,0.23,0.3,0.34,0.63
"Luke Scott","TB","1B,DH",327,80,45,20,1,42,15,49,33,3,0,82,0.24,0.32,0.45,0.77
"Lyle Overbay","BOS","1B",228,57,37,18,1,28,6,28,28,1,0,56,0.25,0.33,0.4,0.73
"Mark DeRosa","TOR","3B,LF,RF",109,26,20,5,0,14,1,12,12,1,1,23,0.23,0.32,0.29,0.6
"Mark Kotsay","SD","LF,RF",162,41,29,8,1,14,3,18,13,1,1,19,0.25,0.31,0.36,0.67
"Mark Teahen","ARI","3B",204,50,35,11,1,23,3,21,18,2,2,53,0.24,0.31,0.36,0.67
"Marlon Byrd","NYM","CF",274,72,52,14,1,32,5,26,15,2,2,53,0.26,0.31,0.37,0.68
"Matt Diaz","NYY","RF,LF",190,48,35,12,1,20,4,22,14,2,1,43,0.25,0.31,0.37,0.67
"Matt LaPorta","CLE","1B",185,44,32,11,1,20,6,23,17,0,1,47,0.24,0.31,0.39,0.69
"Matt Tolbert","PHI","2B",207,46,34,9,3,22,1,16,15,4,3,40,0.22,0,0.3,0.58
"Matt Treanor","LAD","C",146,31,24,5,1,16,3,17,20,1,2,38,0.21,0.32,0.32,0.63
"Scott Moore","OAK","3B",232,56,43,13,1,28,7,30,25,2,2,66,0.24,0.33,0.4,0.71
"Michael Taylor","OAK","LF,RF",213,51,40,12,1,29,5,26,23,6,2,52,0.24,0.32,0.34,0.64
"Miguel Cairo","CIN","1B,3B",213,51,36,9,2,24,4,25,12,4,2,35,0.24,0.29,0.36,0.65
"Miguel Olivo","CIN","C",215,51,34,10,1,25,10,28,11,3,3,73,0.24,0.28,0.42,0.69
"Miguel Tejada","KC","3B,SS",184,48,40,9,0,19,3,19,8,1,1,23,0.26,0.3,0.34,0.64
"Mike Fontenot","TB","2B",166,42,33,9,2,18,2,15,16,2,2,38,0.25,0.32,0.36,0.68
"Mike McCoy","TOR","CF,2B",184,42,34,8,0,25,2,15,25,10,3,38,0.23,0.33,0.3,0.6
"Mike Nickeas","TOR","C",175,39,28,8,0,16,3,20,15,0,1,38,0.23,0.29,0.31,0.59
"Mitch Maier","BOS","CF",160,39,31,7,2,21,3,17,21,2,1,43,0.24,0.33,0.36,0.69
"Nick Hundley","SD","C",261,61,38,13,2,27,6,31,22,1,2,67,0.23,0.29,0.37,0.67
"Nick Punto","LAD","2B,3B,SS",194,47,37,10,2,23,1,18,27,4,1,42,0.24,0.33,0.32,0.66
"Nick Weglarz","CLE","OF",226,45,27,11,0,28,7,25,30,1,1,84,0.2,0.31,0.35,0.66
"Nyjer Morgan","MIL","CF,RF",364,96,76,13,5,51,4,27,26,16,7,71,0.26,0.33,0.35,0.68
"Omar Vizquel","TOR","2B,3B,SS",192,49,40,7,1,20,1,12,12,4,3,24,0.25,0.3,0.31,0.61
"Orlando Hudson","CWS","2B,3B",249,61,52,11,4,32,4,26,26,7,3,50,0.25,0.32,0.35,0.67
"Paul Janish","ATL","SS",202,46,35,10,1,22,2,17,18,2,1,33,0.23,0.3,0.31,0.6
"Ramiro Pena","ATL","SS,DH",178,42,33,6,1,20,2,16,12,3,1,35,0.23,0.29,0.27,0.55
"Ramon Hernandez","COL","C",237,64,44,12,0,24,7,32,17,0,0,37,0.27,0.32,0.41,0.73
"Ramon Santiago","DET","2B,SS",229,56,42,8,2,25,3,21,18,1,1,38,0.24,0.31,0.34,0.64
"Reed Johnson","ATL","LF,CF,RF",220,61,43,12,2,25,3,21,9,2,1,51,0.28,0.32,0.39,0.71
"Reid Brignac","TB","SS",198,47,37,8,1,23,4,22,15,2,2,47,0.24,0.3,0.34,0.63
"Rick Ankiel","HOU","CF",212,49,32,12,1,26,6,23,19,3,2,67,0.23,0.3,0.38,0.68
"Robert Andino","SEA","2B,3B",285,67,50,11,1,33,4,24,24,6,2,65,0.23,0.3,0.33,0.62
"Robinson Chirinos","TB","C",193,45,37,10,1,21,4,21,17,1,2,43,0.24,0.31,0.32,0.6
"Rod Barajas","ARI","C",210,48,35,10,0,22,9,28,17,0,0,50,0.23,0.3,0.4,0.68
"Ronny Cedeno","STL","2B,SS",268,67,46,16,2,29,4,25,18,3,2,58,0.25,0.3,0.36,0.66
"Ryan Hanigan","CIN","C",291,79,62,11,0,31,4,33,39,0,0,35,0.27,0.36,0.36,0.72
"Ryan Kalish","BOS","CF,RF",156,39,30,10,1,21,3,18,15,6,3,40,0.25,0.32,0.37,0.68
"Ryan Raburn","CLE","2B,LF,RF",236,56,35,14,1,29,7,28,17,2,1,65,0.24,0.3,0.39,0.68
"Ryan Spilborghs","COL","LF",287,69,49,14,1,33,6,32,26,3,3,71,0.24,0.31,0.36,0.67
"Ryan Sweeney","BOS","RF",189,51,40,14,2,24,1,19,18,1,1,36,0.27,0.34,0.37,0.7
"Ryan Theriot","SF","2B",299,80,72,14,1,35,1,25,22,7,5,39,0.27,0.32,0.33,0.65
"Sam Fuld","TB","LF,RF",210,51,38,10,3,28,2,17,23,10,5,33,0.24,0.32,0.35,0.66
"Scott Cousins","LAA","CF,RF",152,34,29,8,2,18,3,15,11,4,2,45,0.23,0.29,0.34,0.61
"Scott Rolen","CIN","3B",239,62,42,17,2,28,6,34,21,1,1,46,0.26,0.32,0.42,0.74
"Scott Sizemore","OAK","2B,3B",355,87,60,21,1,48,9,44,43,4,3,98,0.25,0.33,0.39,0.72
"Shelley Duncan","TB","LF",217,49,31,11,0,27,9,33,25,1,1,63,0.23,0.31,0.41,0.71
"Skip Schumaker","LAD","2B,CF,RF",293,79,61,13,2,36,2,28,26,2,1,45,0.27,0.33,0.35,0.68
"Steve Pearce","BAL","LF",139,35,25,9,1,17,4,19,18,2,1,34,0.25,0.34,0.4,0.73
"Steve Tolleson","BAL","3B",158,37,26,7,0,18,3,14,14,3,1,35,0.23,0,0.35,0.64
"Taylor Teagarden","BAL","C",121,25,16,5,0,13,4,14,11,0,0,46,0.2,0.28,0.34,0.61
"Tony Abreu","SF","2B",192,48,39,12,2,20,3,23,8,2,2,43,0.25,0.29,0.35,0.63
"Tony Gwynn Jr.","LAD","CF,LF",182,44,37,8,3,22,2,14,18,9,3,40,0.24,0.31,0.33,0.64
"Trayvon Robinson","BAL","LF,CF",205,50,38,10,2,26,6,23,21,7,5,74,0.24,0.32,0.38,0.68
"Tsuyoshi Nishioka","MIN","2B",333,83,64,13,3,39,3,31,25,8,6,53,0.25,0.3,0.33,0.63
"Vladimir Guerrero","BAL","DH",225,63,45,11,0,27,7,30,9,1,1,26,0.28,0.32,0.43,0.74
"Willie Bloomquist","ARI","3B,SS",242,67,53,12,3,32,2,19,14,9,6,41,0.28,0.32,0.37,0.68
"Willie Harris","CIN","2B",231,50,40,13,1,27,4,23,26,4,4,55,0.22,0.3,0.32,0.62
"Wilson Valdez","SF","2B,SS",195,46,39,9,2,21,1,20,14,3,2,38,0.24,0.29,0.32,0.61
"Xavier Paul","CIN","LF,CF",181,49,38,10,2,22,4,21,14,7,3,42,0.27,0.33,0.4,0.71
"Yorvit Torrealba","COL","C",199,53,44,12,0,21,4,20,17,1,2,40,0.27,0.33,0.39,0.71
"Yuniesky Betancourt","PHI","2B",244,61,46,15,1,24,7,33,11,1,2,33,0.25,0.28,0.4,0.68
"Ryan Adams","BAL","2B",182,46,32,10,1,21,4,17,13,2,1,47,0.25,0.31,0.37,0.69
"Matt Antonelli","CLE","2B,3B",284,65,44,13,2,35,6,24,34,4,4,62,0.23,0.32,0.35,0.67
"Ryan Flaherty","BAL","2B,3B,LF,RF",212,49,34,9,1,24,7,26,14,2,1,58,0.23,0.29,0.38,0.65
"Joe Mahoney","BAL","1B",185,46,49,12,1,19,4,21,11,2,1,45,0.25,0.31,0.23,0.4
"Matt Angle","LAD","LF,CF",283,67,54,9,2,38,3,23,27,14,3,61,0.24,0.31,0.29,0.59
"Endy Chavez","KC","LF,RF",163,42,33,7,2,19,2,15,9,5,3,23,0.26,0.3,0.35,0.64
"Jai Miller","BAL","CF",311,67,36,17,1,38,14,42,30,5,2,143,0.22,0.29,0.42,0.71
"Ryan Lavarnway","BOS","C",248,59,40,15,0,29,8,32,25,0,0,67,0.24,0.31,0.38,0.67
"Lars Anderson","CWS","LF",197,46,33,13,1,22,5,24,24,1,0,55,0.23,0.32,0.34,0.64
"Che-Hsuan Lin","HOU","RF",237,56,55,9,2,28,1,15,26,8,4,50,0.24,0.33,0.26,0.54
"Brandon Laird","HOU","3B",226,55,41,12,1,24,7,28,14,0,0,56,0.24,0.3,0.35,0.64
"Zoilo Almonte","NYY","OF",478,112,69,22,2,51,18,62,32,12,7,140,0.23,0.29,0.4,0.69
"Melky Mesa","NYY","OF",213,48,30,11,1,27,8,25,15,7,4,70,0.22,0.29,0.4,0.69
"Chris McGuiness","CLE","1B",254,59,41,13,0,27,9,31,29,1,1,68,0.23,0.32,0.39,0.7
"Nevin Ashley","TB","C",325,72,52,11,2,33,7,33,26,3,3,92,0.22,0.29,0.33,0.62
"Jose Lobaton","TB","C",194,43,28,9,0,19,3,20,23,0,0,51,0.22,0.31,0.32,0.63
"Stephen Vogt","TB","C",173,41,33,9,1,17,3,18,13,1,1,35,0.24,0.3,0.27,0.52
"Russ Canzler","BAL","1B,LF",185,47,34,13,1,22,7,24,17,1,2,57,0.25,0.32,0.42,0.73
"David Cooper","TOR","1B",232,63,42,18,0,28,6,30,21,0,1,43,0.27,0.33,0.44,0.76
"Moises Sierra","TOR","OF",215,52,40,9,1,25,7,25,14,3,3,54,0.24,0.3,0.39,0.68
"Eduardo Escobar","MIN","2B,3B,SS",226,54,47,10,2,25,2,19,15,4,2,53,0.24,0.29,0.3,0.59
"Osvaldo Martinez","LAD","SS",304,72,56,13,1,35,2,22,18,5,3,51,0.24,0.29,0.29,0.57
"Brandon Barnes","HOU","CF",209,47,34,12,1,23,5,21,15,4,2,67,0.22,0.29,0.34,0.61
"Juan Diaz","CLE","SS",192,45,36,9,1,21,3,18,11,2,1,50,0.23,0.28,0.32,0.6
"Ezequiel Carrera","CLE","LF,CF",231,60,51,10,3,30,2,19,18,12,4,47,0.26,0.32,0.35,0.66
"Thomas Neal","CLE","OF",229,60,41,13,1,30,5,25,16,4,3,53,0.26,0.33,0.33,0.6
"Hernan Perez","DET","2B",330,75,58,11,2,30,4,24,15,11,4,67,0.23,0.27,0.37,0.71
"Avisail Garcia","DET","RF,CF",277,70,60,9,2,30,5,25,10,7,5,71,0.25,0.29,0.36,0.65
"Clete Thomas","MIN","RF",203,45,29,9,2,23,5,23,16,6,1,65,0.22,0.29,0.32,0.57
"Manny Pina","KC","C",160,37,26,8,0,18,3,16,17,0,0,33,0.23,0.32,0.36,0.64
"Clint Robinson","PIT","1B",259,66,42,17,1,33,7,34,24,1,1,51,0.26,0.33,0.2,0.36
"David Lough","KC","CF,RF",227,58,44,10,3,29,4,22,13,6,3,35,0.26,0.31,0.35,0.65
"Derrick Robinson","KC","OF",506,115,96,13,3,57,3,32,37,34,16,116,0.23,0.28,0.29,0.57
"Oswaldo Arcia","MIN","OF",273,71,43,17,3,34,8,35,20,2,3,76,0.26,0.32,0.44,0.76
"Joe Benson","MIN","LF,RF",227,50,34,14,2,26,6,23,20,7,5,73,0.22,0.3,0.37,0.66
"Rene Tosoni","MIL","RF,LF",247,55,36,12,1,27,6,27,21,3,3,66,0.22,0.29,0.35,0.64
"Alexi Amarista","SD","2B,SS,LF,CF",262,65,44,13,4,30,3,29,15,7,4,41,0.25,0.29,0.37,0.65
"Luis Jimenez","LAA","3B",283,70,44,18,1,32,6,37,11,7,4,50,0.25,0.28,0.31,0.55
"Andrew Romine","LAA","SS",193,47,40,5,1,23,2,15,16,8,3,42,0.24,0.31,0.3,0.61
"Jeremy Moore","LAD","RF",223,55,38,8,3,31,6,25,13,8,5,65,0.25,0.3,0.2,0.35
"Anthony Recker","NYM","C",164,36,26,9,0,20,4,17,17,1,1,48,0.22,0.31,0.34,0.63
"Adrian Cardenas","CHC","2B",318,84,60,19,2,39,3,31,29,5,3,47,0.26,0.33,0.33,0.64
"Jermaine Mitchell","OAK","OF",495,114,80,20,8,68,8,43,56,15,13,147,0.23,0.31,0.35,0.66
"Chris Gimenez","TB","C",142,34,26,6,0,16,3,16,15,0,1,36,0.24,0.31,0.34,0.65
"Alex Liddi","SEA","1B,3B,LF",182,41,32,11,1,24,5,22,16,3,2,69,0.23,0.3,0.38,0.66
"Carlos Triunfel","SEA","SS",197,46,42,12,1,21,2,18,9,2,2,42,0.23,0.29,0.32,0.58
"Johermyn Chavez","SEA","OF",446,97,65,17,3,53,12,45,35,4,9,138,0.22,0.29,0.35,0.64
"Carlos Peguero","SEA","RF",203,44,30,8,2,24,8,25,14,2,2,80,0.22,0.28,0.38,0.64
"Mike Wilson","SEA","LF",170,39,25,8,1,24,6,23,16,2,1,50,0.23,0,0.26,0.49
"Brandon Hicks","NYM","SS",182,36,23,10,1,23,6,20,18,3,1,68,0.2,0.28,0.35,0.61
"Tyler Pastornicky","ATL","SS",212,54,45,10,2,25,3,19,15,6,3,36,0.26,0.31,0.36,0.66
"Jose Constanza","ATL","LF",178,48,47,5,2,24,1,14,16,8,4,33,0.27,0.33,0.34,0.67
"Kevin Mattison","MIA","LF,CF",337,71,49,12,4,43,5,25,25,18,8,106,0.21,0.28,0.21,0.39
"Bryan Petersen","MIA","LF,CF,RF",228,56,45,11,2,28,3,19,25,6,3,55,0.25,0.33,0.34,0.66
"Zach Lutz","NYM","1B",139,33,23,7,0,17,5,17,16,0,0,44,0.24,0.33,0.34,0.62
"Justin Turner","NYM","1B,2B,3B,SS",257,68,48,17,1,31,3,29,20,3,1,37,0.27,0.33,0.38,0.7
"Juan Lagares","NYM","OF",492,124,91,21,6,53,6,47,23,15,9,103,0.25,0.29,0.35,0.64
"Cesar Puello","NYM","OF",395,86,60,18,3,45,6,34,16,18,9,115,0.22,0.27,0.32,0.59
"Erik Kratz","PHI","C",224,56,33,14,0,26,9,33,19,1,0,51,0.25,0.32,0.44,0.75
"Sebastian Valle","PHI","C",412,96,67,18,1,36,10,44,15,1,2,126,0.23,0.26,0.36,0.62
"Freddy Galvis","PHI","2B",235,57,41,14,2,23,3,24,11,4,2,40,0.24,0.29,0.36,0.64
"Michael Martinez","PHI","2B",215,47,37,8,2,24,4,22,15,3,2,42,0.22,0.28,0.31,0.58
"Tyson Gillies","PHI","OF",156,39,29,6,3,20,2,10,9,4,4,38,0.25,0.31,0.37,0.67
"Jhonatan Solano","WSH","C",148,37,25,8,0,15,3,17,8,1,1,23,0.25,0.29,0.4,0.71
"Chris Marrero","WSH","1B",202,52,43,12,0,21,5,24,16,1,1,47,0.26,0.32,0.37,0.68
"Tyler Moore","WSH","1B,LF",243,60,34,14,1,28,12,38,17,2,0,73,0.25,0.3,0.47,0.77
"Anthony Rendon","WSH","3B",150,36,21,9,2,21,4,20,17,0,0,37,0.24,0,0.41,0.72
"Eury Perez","WSH","OF",178,47,45,6,1,20,0,13,6,14,7,31,0.27,0.31,0.29,0.56
"Steve Clevenger","CHC","C",195,49,35,12,1,18,2,19,16,0,1,33,0.25,0.31,0.35,0.66
"Bryan LaHair","CHC","1B,RF",232,59,37,12,0,29,10,30,25,2,1,73,0.26,0.33,0.44,0.76
"Dave Sappelt","CHC","OF,RF",223,60,47,15,2,26,4,22,18,4,4,38,0.27,0.33,0.39,0.71
"Matthew Szczur","CHC","OF",205,50,35,10,2,27,3,15,15,10,5,36,0.24,0.31,0.36,0.67
"Didi Gregorius","ARI","SS",241,62,52,11,4,25,3,23,12,3,4,43,0.26,0.3,0.36,0.65
"Denis Phipps","CIN","OF",268,62,39,14,2,33,7,29,19,5,4,85,0.23,0.29,0.47,0.78
"Matt Downs","MIA","1B",171,41,29,10,1,20,6,22,13,2,2,39,0.24,0.31,0.4,0.7
"Marwin Gonzalez","HOU","3B,SS",240,59,43,13,1,25,2,19,15,4,3,35,0.25,0.29,0.34,0.63
"Jimmy Paredes","HOU","RF",202,50,42,11,2,24,3,18,11,9,6,55,0.25,0.29,0.36,0.65
"Brian Bogusevic","CHC","CF,RF",219,52,40,11,2,27,4,22,27,8,2,63,0.24,0.33,0.35,0.67
"J.B. Shuck","LAA","CF,RF",256,63,53,8,3,31,0,17,26,7,4,32,0.25,0,0.3,0.64
"Xander Bogaerts","BOS","SS",309,78,65,25,2,33,10,35,20,3,6,90,0.25,0.3,0.42,0.72
"Martin Maldonado","MIL","C",229,57,41,10,0,23,7,29,17,1,1,57,0.25,0.32,0.38,0.69
"Jeff Bianchi","MIL","SS",203,49,36,9,1,23,3,20,13,5,2,45,0.24,0.29,0.35,0.63
"Eric Farris","SEA","2B",325,78,62,11,1,34,3,22,16,16,5,46,0.24,0.29,0.21,0.4
"Taylor Green","MIL","1B,3B",237,58,41,15,1,25,7,31,21,1,1,51,0.25,0.32,0.39,0.7
"Caleb Gindl","MIL","OF",324,82,54,18,3,38,9,36,30,4,3,74,0.25,0.32,0.4,0.72
"Brock Kjeldgaard","MIL","OF",432,86,50,18,1,41,16,52,35,5,4,193,0.2,0.27,0.36,0.63
"Logan Schafer","MIL","CF",221,59,40,12,3,29,3,23,16,5,3,37,0.27,0.32,0.39,0.71
"Michael McKenry","PIT","C",198,46,30,12,0,20,6,24,20,0,1,55,0.23,0.31,0.38,0.69
"Chase d'Arnaud","PIT","2B",184,41,30,10,3,24,2,17,12,10,3,43,0.23,0.3,0.33,0.6
"Matt Hague","PIT","1B",373,94,69,19,1,43,5,43,25,3,2,58,0.25,0.31,0.32,0.61
"Josh Harrison","PIT","2B,3B,SS,RF",239,62,46,13,3,30,3,22,10,7,3,33,0.26,0.3,0.37,0.67
"Jordy Mercer","PIT","SS",199,47,31,12,1,24,4,22,13,2,2,39,0.24,0.3,0.37,0.66
"Yamaico Navarro","BAL","LF",200,48,40,12,1,25,5,23,18,5,5,43,0.24,0.31,0.36,0.65
"Gorkys Hernandez","PIT","OF",222,52,39,8,3,27,3,20,19,8,4,60,0.23,0.31,0.33,0.63
"Tony Cruz","STL","C",153,37,26,10,1,15,2,16,10,0,1,31,0.24,0.29,0.36,0.65
"Zack Cox","MIA","3B",308,78,55,16,0,32,6,31,18,1,1,71,0.25,0.31,0.38,0.68
"Mark Hamilton","BOS","1B",219,55,34,15,0,29,7,29,27,0,0,62,0.25,0.34,0.36,0.68
"Adron Chambers","STL","LF,CF",157,39,36,6,3,20,2,15,18,5,3,44,0.25,0.35,0.35,0.67
"Erik Komatsu","WSH","RF",174,44,40,8,1,20,2,14,17,5,4,27,0.25,0.33,0.29,0.6
"Shane Robinson","STL","LF,CF,RF",166,42,32,9,1,21,3,17,14,4,1,30,0.25,0.32,0.36,0.67
"Konrad Schmidt","TEX","C",208,51,34,12,1,20,4,22,11,1,1,49,0.25,0.3,0.28,0.53
"Tommy Field","LAA","2B",277,59,72,20,3,27,5,24,22,4,3,77,0.21,0,0.33,0.62
"Hector Gomez","MIL","SS",177,38,24,9,2,16,4,18,7,4,2,49,0.22,0.26,0.4,0.74
"DJ LeMahieu","COL","2B,3B",213,62,51,11,2,22,2,21,13,3,2,37,0.29,0.33,0.38,0.71
"Charlie Blackmon","COL","LF,RF",198,53,38,12,1,25,4,22,13,6,3,33,0.27,0.33,0.4,0.71
"Jamie Hoffmann","NYM","LF",316,79,55,15,2,37,7,36,27,7,4,76,0.25,0.32,0.25,0.47
"Tim Federowicz","LAD","C",208,49,39,13,0,22,4,22,20,0,0,55,0.24,0.31,0.32,0.62
"Ivan De Jesus","PIT","2B",174,44,33,8,1,18,2,18,11,2,0,38,0.25,0,0.31,0.6
"Russell Mitchell","COL","3B",210,44,29,10,1,22,4,21,19,1,1,53,0.21,0,0.28,0.51
"Justin Sellers","LAD","SS",146,33,24,9,1,19,3,15,15,1,1,33,0.22,0.31,0.34,0.64
"Alex Castellanos","LAD","LF,RF",170,41,28,10,2,22,5,19,12,4,3,51,0.24,0.31,0.39,0.67
"Trent Oeltjen","LAA","RF,LF",305,73,48,15,4,40,6,33,23,10,5,92,0.24,0.3,0.39,0.7
"Alfredo Silverio","LAD","OF",481,118,73,27,8,61,10,50,19,8,9,109,0.25,0.28,0.4,0.67
"Scott Van Slyke","LAD","RF",341,84,52,20,2,42,11,47,29,4,3,87,0.25,0.31,0.38,0.66
"James Darnell","SD","LF",137,33,23,8,0,16,4,17,16,1,1,30,0.24,0.33,0.4,0.71
"Andy Parrino","OAK","2B,SS",164,36,30,10,1,19,2,15,20,2,1,52,0.22,0.32,0.32,0.63
"Rymer Liriano","SD","OF",345,78,53,17,3,39,5,33,26,21,12,100,0.23,0.29,0.34,0.62
"Blake Tekotte","CWS","LF",173,38,24,8,1,21,5,17,17,7,5,57,0.22,0.3,0.32,0.6
"Hector Sanchez","SF","C",212,55,40,13,0,20,4,29,10,0,0,48,0.26,0.3,0.37,0.66
"Chris Stewart","NYY","C",230,54,38,11,0,25,3,21,19,2,0,33,0.23,0.3,0.33,0.62
"Charlie Culberson","COL","2B",231,61,48,14,2,29,6,26,11,5,3,52,0.26,0.31,0.32,0.57
"Conor Gillaspie","SF","3B",200,51,39,10,1,24,4,23,17,1,2,35,0.26,0.32,0.35,0.65
"Brett Pill","SF","1B,LF",224,57,41,13,2,26,7,30,12,2,2,37,0.26,0.31,0.42,0.71
"Justin Christian","STL","LF",248,61,43,13,2,36,3,23,18,13,3,36,0.24,0.31,0.3,0.57
"Tyler Graham","SF","OF",148,36,29,6,1,21,1,11,9,12,4,33,0.24,0,0.15,0.3
"Roger Kieschnick","SF","OF",211,49,31,9,2,27,6,25,14,3,2,66,0.23,0.28,0.38,0.67
"Francisco Peguero","SF","OF",183,47,39,7,3,22,2,19,6,6,3,39,0.26,0.29,0.32,0.59
"Brandon Snyder","TEX","1B",186,47,37,12,1,21,6,24,14,1,1,61,0.25,0.32,0.4,0.71
"Brett Jackson","CHC","CF",284,65,40,14,4,38,9,32,38,10,5,111,0.23,0.33,0.4,0.72
"Jason Pridie","BAL","LF,RF",199,49,34,8,2,22,5,20,14,6,2,48,0.25,0.3,0.38,0.68
"Kolten Wong","STL","2B",230,61,48,11,2,28,3,21,16,7,5,36,0.27,0.33,0.37,0.69
"Jonathan Schoop","BAL","SS,2B,3B",346,86,83,21,2,42,9,36,26,5,6,74,0.25,0.31,0.37,0.67
"Xavier Avery","BAL","LF,CF",234,55,42,11,2,28,4,17,20,11,5,62,0.24,0.31,0.35,0.64
"L.J. Hoes","BAL","LF,DH",284,76,59,12,2,33,4,29,24,9,5,47,0.27,0,0.18,0.34
"Mauro Gomez","BOS","1B,3B",235,62,42,18,2,29,8,34,18,1,1,69,0.26,0.32,0.44,0.76
"Brock Holt","BOS","2B",176,50,43,11,2,21,1,16,15,3,3,34,0.28,0.35,0.37,0.7
"Tim Beckham","TB","SS",311,71,52,12,1,39,5,29,21,7,4,80,0.23,0.28,0.33,0.61
"Hak-Ju Lee","TB","SS",526,124,98,15,6,68,4,32,39,25,14,122,0.24,0.29,0.31,0.6
"Anthony Gose","TOR","LF,CF,RF",221,52,41,10,4,29,3,20,21,17,7,70,0.24,0.32,0.35,0.65
"Hector Gimenez","CWS","C",174,42,28,9,0,19,5,22,13,1,1,44,0.24,0.29,0.36,0.65
"Dewayne Wise","CWS","LF,CF,RF",210,52,34,10,2,27,6,24,11,11,3,53,0.25,0.29,0.4,0.68
"Yan Gomes","CLE","C,1B,3B",160,37,26,11,0,17,5,21,11,1,0,53,0.23,0.29,0.4,0.68
"Bryan Holaday","DET","C",111,25,21,6,0,10,2,9,7,1,0,26,0.23,0.29,0.32,0.58
"Quintin Berry","DET","LF,CF",256,62,49,9,3,33,2,24,23,17,3,72,0.24,0.32,0.33,0.64
"Nick Green","MIA","3B",100,23,15,6,0,11,2,10,7,1,1,21,0.23,0.31,0.3,0.54
"Irving Falu","KC","2B,3B",202,55,46,10,2,26,2,19,13,5,3,25,0.27,0.32,0.37,0.69
"Leury Garcia","TEX","SS",119,30,22,5,2,15,2,11,8,5,3,24,0.25,0.3,0.35,0.64
"Chris Herrmann","MIN","C,LF",251,56,41,10,1,29,4,24,25,2,1,58,0.22,0.3,0.26,0.51
"Pedro Florimon","MIN","SS",363,85,66,17,3,39,4,32,29,8,5,99,0.23,0.29,0.32,0.61
"Kole Calhoun","LAA","RF",185,45,32,11,1,24,5,23,16,5,2,44,0.24,0.31,0.35,0.64
"Grant Green","OAK","SS,CF",343,85,72,20,2,40,6,34,19,5,6,79,0.25,0.29,0.36,0.65
"Yasiel Puig","LAD","RF,LF,CF",226,60,0,0,0,29,9,27,7,7,0,20,0.26,0,0.42,0.74
"Sandy Leon","WSH","C",156,37,27,8,1,15,2,15,14,1,1,37,0.24,0.3,0.33,0.64
"Hunter Morris","MIL","1B",223,56,34,14,2,26,9,31,13,1,1,55,0.25,0.3,0.45,0.75
"Omar Quintanilla","WSH","2B,SS",125,28,22,6,1,16,2,12,10,0,1,31,0.23,0.29,0.34,0.63
"Chad Tracy","WSH","1B,3B",133,35,24,8,0,14,3,17,11,0,0,24,0.26,0.32,0.39,0.71
"Corey Brown","WSH","RF,LF",171,39,27,9,2,22,6,20,15,3,2,58,0.23,0.3,0.37,0.63
"Matt Adams","STL","1B",194,51,34,12,0,23,7,28,15,1,0,49,0.26,0.31,0.42,0.73
"Elian Herrera","LAD","2B,3B,LF,CF",208,50,43,11,2,27,2,19,23,7,5,62,0.24,0.32,0.33,0.65
"Ryan Wheeler","COL","3B",206,58,44,14,2,24,5,28,15,1,1,50,0.28,0.34,0.42,0.74
"Luis Cruz","LAD","3B,SS",378,102,72,23,1,39,8,44,15,2,1,52,0.27,0.3,0.4,0.7
"Cody Ransom","SD","3B,SS",158,34,24,9,1,19,5,21,18,2,1,60,0.21,0.3,0.37,0.67
"Nick Castellanos","DET","3B",274,72,55,15,1,28,5,27,15,2,3,76,0.26,0.31,0.38,0.69
"Jacob Elmore","HOU","SS",211,51,43,11,1,24,1,19,23,7,5,36,0.24,0.33,0.3,0.6
"Nick Franklin","SEA","SS",291,66,55,14,3,35,5,23,23,7,4,78,0.23,0.29,0.34,0.63
"A.J. Pollock","ARI","LF,CF",169,45,34,10,2,21,3,17,13,5,3,29,0.27,0.32,0.4,0.73
"Andrew Brown","NYM","OF",231,54,36,12,1,28,8,29,24,3,2,78,0.23,0.31,0.39,0.7
"Gary Brown","SF","CF",310,78,76,20,4,38,3,27,21,15,13,61,0.25,0.32,0.34,0.65
"Jonathan Singleton","HOU","LF,1B",221,53,39,13,1,32,7,28,33,3,2,72,0.24,0.34,0.4,0.74
"Lew Ford","BAL","LF,RF",124,30,18,6,1,15,5,15,12,2,1,29,0.24,0,0.42,0.72
"Munenori Kawasaki","SEA","SS",175,40,40,5,1,22,1,14,11,5,4,30,0.23,0.28,0.24,0.51
"Mike Zunino","SEA","C",134,35,23,7,0,18,5,18,13,1,0,29,0.26,0.34,0.42,0.74
