"Player Name "," Team "," Position ","g ","gs ","sv ","bs ","hd ","ip ","w ","l ","h ","er ","hr ","k ","bbi ","era ","whip "
"Justin Verlander","DET","SP",32,32,0,0,0,228,18,7,189,74,21,223,59,2.93,1.09
"Clayton Kershaw","LAD","SP",32,32,0,0,0,219,16,8,171,66,16,227,62,2.7,1.07
"Stephen Strasburg","WSH","SP",31,30,0,0,0,182,15,7,153,61,16,218,52,3,1.12
"David Price","TB","SP",32,32,0,0,0,213,16,8,184,72,19,204,63,3.05,1.16
"Felix Hernandez","SEA","SP",32,32,0,0,0,228,14,10,202,78,17,213,60,3.07,1.15
"Cole Hamels","PHI","SP",32,31,0,0,0,212,15,9,187,75,23,206,52,3.19,1.13
"Matt Cain","SF","SP",32,32,0,0,0,215,15,8,182,72,20,183,56,3.03,1.11
"Cliff Lee","PHI","SP",30,30,0,0,0,213,13,8,198,72,22,205,32,3.06,1.08
"Jered Weaver","LAA","SP",32,32,0,0,0,207,16,8,176,72,22,170,52,3.12,1.1
"Madison Bumgarner","SF","SP",32,32,0,0,0,203,15,10,188,74,19,187,49,3.28,1.17
"Gio Gonzalez","WSH","SP",32,32,0,0,0,200,16,9,168,70,15,200,79,3.17,1.23
"CC Sabathia","NYY","SP",30,31,0,0,0,214,15,8,201,80,21,198,54,3.38,1.19
"Craig Kimbrel","ATL","RP",68,0,38,4,0,68,4,2,39,13,4,112,23,1.78,0.93
"Adam Wainwright","STL","SP",31,31,0,0,0,200,15,9,186,73,15,181,52,3.28,1.19
"R.A. Dickey","TOR","SP",32,31,0,0,0,210,14,9,198,81,24,171,53,3.47,1.2
"Yu Darvish","TEX","SP",30,30,0,0,0,199,15,8,167,79,17,218,81,3.59,1.25
"Chris Sale","CWS","SP",34,28,0,0,0,190,13,9,169,70,20,189,56,3.33,1.19
"Zack Greinke","LAD","SP",30,31,0,0,0,190,13,8,173,71,17,187,49,3.37,1.17
"Johnny Cueto","CIN","SP",31,31,0,0,0,195,14,8,183,70,17,150,52,3.22,1.2
"Max Scherzer","DET","SP",32,32,0,0,0,192,14,9,183,80,23,204,60,3.77,1.27
"Mat Latos","CIN","SP",32,31,0,0,0,199,13,9,176,78,22,185,61,3.53,1.19
"James Shields","KC","SP",32,32,0,0,0,220,14,11,213,91,25,200,56,3.7,1.22
"Kris Medlen","ATL","SP/RP",31,25,0,0,0,168,13,7,153,58,14,144,37,3.09,1.13
"Jordan Zimmermann","WSH","SP",30,30,0,0,0,185,12,9,177,70,18,148,41,3.43,1.18
"Yovani Gallardo","MIL","SP",32,32,0,0,0,202,14,9,186,84,23,203,73,3.73,1.28
"Aroldis Chapman","CIN","SP/RP",47,11,16,0,0,112,8,5,80,38,12,144,47,3.05,1.14
"Matt Moore","TB","SP",31,31,0,0,0,181,12,9,162,75,19,182,77,3.71,1.32
"Jonathan Papelbon","PHI","RP",66,0,36,4,0,66,4,3,53,20,6,83,18,2.76,1.08
"Roy Halladay","PHI","SP",28,28,0,0,0,188,13,8,182,72,18,160,39,3.44,1.17
"Brandon Morrow","TOR","SP",28,28,0,0,0,169,11,8,154,71,18,164,62,3.76,1.28
"Ian Kennedy","ARI","SP",32,32,0,0,0,206,14,9,198,87,25,184,56,3.79,1.23
"Josh Johnson","TOR","SP",28,28,0,0,0,179,12,8,167,71,16,155,57,3.58,1.25
"Jason Motte","STL","RP",65,0,32,5,2,63,4,3,48,19,6,69,17,2.73,1.05
"Jake Peavy","CWS","SP",29,28,0,0,0,184,11,9,175,79,23,159,43,3.88,1.19
"Jeff Samardzija","CHC","SP",31,27,0,0,0,177,11,10,159,74,19,173,67,3.79,1.28
"Doug Fister","DET","SP",29,29,0,0,0,189,12,9,188,74,17,141,39,3.54,1.2
"Mariano Rivera","NYY","RP",52,0,35,4,0,53,2,2,43,15,4,48,11,2.64,1.02
"Jon Lester","BOS","SP",32,32,0,0,0,200,13,10,193,88,21,177,70,3.97,1.32
"Dan Haren","WSH","SP",31,31,0,0,0,193,13,10,191,80,23,160,39,3.73,1.19
"Fernando Rodney","TB","RP",64,0,30,4,2,62,3,2,48,19,4,59,22,2.71,1.13
"Hiroki Kuroda","NYY","SP",31,30,0,0,0,197,13,10,195,80,23,149,48,3.68,1.23
"Joe Nathan","TEX","RP",59,0,33,3,1,59,3,2,50,21,7,65,15,3.15,1.11
"Tim Lincecum","SF","SP",31,31,0,0,0,193,12,11,173,82,18,196,81,3.81,1.32
"Rafael Soriano","WSH","RP",61,0,31,4,2,59,3,2,48,19,6,60,20,2.95,1.16
"C.J. Wilson","LAA","SP",33,32,0,0,0,201,14,9,180,80,17,172,81,3.6,1.3
"J.J. Putz","ARI","RP",58,0,32,4,1,56,3,3,46,17,4,63,14,2.7,1.06
"Anibal Sanchez","DET","SP",31,31,0,0,0,191,11,10,192,82,20,163,54,3.86,1.29
"Matt Harvey","NYM","SP",28,28,0,0,0,165,10,9,145,69,17,167,70,3.75,1.3
"Sergio Romo","SF","RP",64,0,27,3,9,56,4,2,41,14,5,67,11,2.27,0.94
"Lance Lynn","STL","SP/RP",30,27,0,0,0,164,12,8,155,70,16,157,60,3.82,1.31
"Brett Anderson","OAK","SP",23,23,0,0,0,141,9,7,139,54,11,104,34,3.48,1.23
"Jim Johnson","BAL","RP",65,0,34,5,2,68,3,3,63,24,5,45,16,3.13,1.16
"Matt Garza","CHC","SP",24,25,0,0,0,150,9,8,138,61,18,139,47,3.67,1.24
"Jonathon Niese","NYM","SP",30,30,0,0,0,187,11,10,187,79,19,156,53,3.8,1.28
"Greg Holland","KC","RP",60,0,25,5,3,65,4,3,52,22,4,79,29,2.98,1.25
"Huston Street","SD","RP",53,0,30,3,1,52,3,3,40,16,5,56,13,2.86,1.03
"Mike Minor","ATL","SP",30,29,0,0,0,176,11,9,166,79,22,154,57,4.03,1.26
"Tom Wilhelmsen","SEA","RP",61,1,28,4,2,68,3,3,57,24,6,68,27,3.2,1.22
"Joel Hanrahan","BOS","RP",66,0,31,4,2,63,3,3,53,23,6,67,28,3.36,1.28
"Jarrod Parker","OAK","SP",30,31,0,0,0,186,12,9,178,78,16,147,67,3.79,1.32
"John Axford","MIL","RP",69,0,35,5,1,67,4,3,56,25,6,84,31,3.34,1.3
"A.J. Burnett","PIT","SP",31,31,0,0,0,195,12,10,187,86,20,171,69,3.99,1.32
"Homer Bailey","CIN","SP",30,30,0,0,0,184,11,9,185,82,22,150,49,3.99,1.27
"Grant Balfour","OAK","RP",60,0,21,4,6,60,3,2,45,20,5,58,22,3.08,1.13
"Ryan Vogelsong","SF","SP",30,28,0,0,0,177,12,9,165,71,17,144,62,3.58,1.28
"Marco Estrada","MIL","SP/RP",24,23,0,0,0,151,8,8,145,66,18,145,41,3.94,1.23
"Addison Reed","CWS","RP",61,0,27,5,1,62,3,3,59,26,7,65,19,3.71,1.26
"Alexi Ogando","TEX","SP/RP",30,23,0,0,0,150,10,6,136,60,17,127,42,3.61,1.18
"Jeremy Hellickson","TB","SP",31,30,0,0,0,184,12,9,170,74,22,132,63,3.61,1.26
"Casey Janssen","TOR","RP",59,0,22,5,4,62,3,2,53,20,6,61,15,2.97,1.09
"Rafael Betancourt","COL","RP",63,0,30,5,3,60,2,2,54,21,7,65,12,3.19,1.09
"Jason Grilli","PIT","RP",58,0,23,6,5,59,3,3,47,20,6,74,24,3.08,1.2
"Glen Perkins","MIN","RP",65,1,23,6,5,67,3,3,61,24,7,66,19,3.23,1.2
"Josh Beckett","LAD","SP",28,28,0,0,0,174,10,9,164,76,20,148,52,3.91,1.24
"Tim Hudson","ATL","SP",29,29,0,0,0,186,14,8,176,75,15,119,53,3.6,1.23
"Jose Veras","HOU","RP",69,0,16,6,9,65,3,3,55,28,6,72,35,3.83,1.39
"Kenley Jansen","LAD","RP",60,0,15,2,16,60,4,2,37,16,5,91,25,2.42,1.03
"Mike Fiers","MIL","SP",28,27,0,0,0,160,10,9,153,70,18,156,51,3.92,1.28
"Mitchell Boggs","STL","RP",63,1,3,2,13,65,3,2,58,24,5,54,22,3.25,1.23
"A.J. Griffin","OAK","SP",28,28,0,0,0,163,10,8,160,71,20,123,41,3.91,1.24
"Joel Peralta","TB","RP",67,0,3,2,22,63,3,3,48,22,8,67,17,3.2,1.03
"Trevor Cahill","ARI","SP",32,32,0,0,0,201,13,11,192,86,18,153,73,3.85,1.32
"Steve Cishek","MIA","RP",61,0,22,5,3,63,3,3,55,22,4,64,27,3.19,1.29
"Chris Perez","CLE","RP",60,0,30,5,1,56,2,3,47,21,6,52,19,3.42,1.19
"Edwin Jackson","CHC","SP",31,31,0,0,0,194,11,10,191,85,20,163,62,3.96,1.31
"Bud Norris","HOU","SP",29,29,0,0,0,177,8,11,174,87,23,166,69,4.42,1.38
"Brandon League","LAD","RP",69,0,22,5,3,67,3,4,61,24,4,53,24,3.26,1.27
"Shaun Marcum","NYM","SP",28,28,0,0,0,167,10,8,156,68,19,140,48,3.67,1.22
"Brandon McCarthy","ARI","SP",23,23,0,0,0,148,9,7,153,61,14,106,31,3.69,1.24
"Derek Holland","TEX","SP",31,30,0,0,0,185,12,9,183,88,25,153,59,4.28,1.3
"Ervin Santana","KC","SP",30,30,0,0,0,192,10,11,191,94,28,144,64,4.41,1.33
"Andy Pettitte","NYY","SP",21,21,0,0,0,134,9,6,129,54,14,111,41,3.65,1.27
"Wade Miley","ARI","SP",31,30,0,0,0,186,13,10,192,80,18,137,50,3.87,1.3
"Tommy Milone","OAK","SP",30,30,0,0,0,182,11,9,194,79,20,132,34,3.89,1.25
"Ryan Dempster","BOS","SP",30,30,0,0,0,185,11,10,184,85,22,163,64,4.11,1.34
"David Robertson","NYY","RP",66,0,3,3,24,63,4,3,50,19,5,82,26,2.7,1.2
"Ernesto Frieri","LAA","RP",64,1,13,2,11,65,4,3,46,22,7,84,31,3,1.18
"Wade Davis","KC","RP",29,23,0,0,0,158,9,8,155,71,18,126,57,4.03,1.34
"Jason Hammel","BAL","SP",27,27,0,0,0,161,10,8,159,72,16,131,55,4.02,1.32
"Phil Hughes","NYY","SP",30,29,0,0,0,176,12,9,178,85,26,145,49,4.36,1.29
"Chris Tillman","BAL","SP",28,27,0,0,0,154,9,9,153,74,21,116,53,4.32,1.34
"Matt Harrison","TEX","SP",31,30,0,0,0,195,13,9,200,84,21,127,58,3.85,1.32
"Vinnie Pestano","CLE","RP",65,0,4,2,22,61,3,2,48,20,6,69,22,2.97,1.15
"Jonathan Broxton","CIN","RP",56,0,14,5,6,55,3,3,52,20,4,51,20,3.33,1.3
"Hisashi Iwakuma","SEA","SP/RP",29,25,0,0,0,163,10,8,158,66,18,129,52,3.66,1.29
"Alex Cobb","TB","SP",26,26,0,0,0,156,10,8,153,67,13,121,50,3.85,1.3
"Tyler Clippard","WSH","RP",71,0,2,2,20,74,4,3,54,26,8,87,28,3.1,1.11
"Jake McGee","TB","RP",66,1,1,1,14,56,5,2,44,17,5,65,16,2.75,1.07
"Ryan Madson","LAA","RP",50,0,16,4,5,50,3,2,44,17,4,50,14,3.02,1.17
"Kyle Lohse","STL","SP",27,26,0,0,0,171,11,8,171,70,19,111,38,3.71,1.22
"Ryan Cook","OAK","RP",63,2,6,4,14,67,4,2,54,24,5,67,28,3.25,1.22
"Jaime Garcia","STL","SP",26,26,0,0,0,158,10,7,162,63,12,128,43,3.56,1.29
"Frank Francisco","NYM","RP",51,0,18,4,3,49,2,3,47,21,6,53,20,3.91,1.37
"Vance Worley","MIN","SP",27,27,0,0,0,161,9,9,169,73,16,130,55,4.06,1.39
"Wei-Yin Chen","BAL","SP",30,30,0,0,0,182,11,10,182,84,25,140,52,4.15,1.29
"Tommy Hanson","LAA","SP",29,29,0,0,0,172,11,9,167,79,22,154,61,4.11,1.32
"Shelby Miller","STL","RP",22,21,0,0,0,124,8,7,117,54,13,121,50,3.91,1.35
"Gavin Floyd","CWS","SP",30,29,0,0,0,182,11,10,182,86,21,149,57,4.26,1.32
"Joaquin Benoit","DET","RP",67,0,7,4,20,64,4,3,52,24,9,72,19,3.3,1.11
"Aaron Harang","LAD","SP",25,17,0,0,0,105,6,6,105,48,11,78,43,4.08,1.41
"Octavio Dotel","DET","RP",59,0,3,3,12,57,4,3,49,22,6,61,17,3.49,1.15
"Clay Buchholz","BOS","SP",28,28,0,0,0,176,12,8,174,79,20,125,61,4.02,1.33
"David Hernandez","ARI","RP",59,2,3,4,19,67,4,3,54,24,6,79,26,3.23,1.19
"Chris Capuano","LAD","SP",25,21,0,0,0,134,8,7,132,59,17,112,37,3.98,1.27
"Koji Uehara","BOS","RP",50,0,2,1,15,48,2,1,36,14,6,58,7,2.59,0.89
"Edinson Volquez","SD","SP",29,29,0,0,0,168,9,10,152,80,16,158,91,4.27,1.45
"Ricky Romero","TOR","SP",31,31,0,0,0,192,12,11,190,94,21,145,87,4.4,1.44
"Chris Carpenter","STL","SP",16,14,0,0,0,95,6,4,93,38,8,74,24,3.58,1.22
"Jeff Niemann","TB","SP",23,23,0,0,0,134,8,7,129,60,15,104,41,4.04,1.27
"Sean Marshall","CIN","RP",71,0,7,3,23,66,5,3,57,19,4,74,18,2.63,1.13
"Sergio Santos","TOR","RP",50,0,12,3,8,49,3,2,41,20,4,59,23,3.6,1.31
"Julio Teheran","ATL","P/SP",23,22,0,0,0,120,7,7,123,59,14,93,44,4.4,1.38
"Justin Masterson","CLE","SP",33,32,0,0,0,200,11,11,204,93,16,152,74,4.2,1.39
"Wandy Rodriguez","PIT","SP",31,30,0,0,0,191,11,11,188,80,19,146,58,3.76,1.29
"Jason Vargas","LAA","SP",32,31,0,0,0,202,12,11,205,94,28,129,53,4.17,1.28
"Darren O'Day","BAL","RP",62,0,1,1,15,58,4,2,48,20,7,56,14,3.11,1.07
"Daniel Straily","OAK","SP",22,22,0,0,0,128,7,7,124,60,19,108,50,4.21,1.36
"Dillon Gee","NYM","SP",26,25,0,0,0,157,9,8,152,71,17,127,52,4.08,1.29
"Drew Storen","WSH","RP",60,0,9,2,16,58,4,3,49,20,5,54,17,3.08,1.14
"Bobby Parnell","NYM","RP",65,0,13,3,10,64,4,3,60,22,5,61,22,3.11,1.27
"Hyun-Jin Ryu","LAD","SP",26,26,0,0,0,165,10,9,166,72,16,143,55,3.89,1.34
"Jonny Venters","ATL","RP",69,0,2,4,22,70,5,3,57,22,4,77,33,2.79,1.28
"Bruce Rondon","DET","RP",53,0,18,4,2,52,2,2,44,23,5,55,31,4.1,1.45
"Erasmo Ramirez","SEA","SP/RP",26,23,0,0,0,148,7,9,152,67,17,106,37,4.05,1.28
"Carlos Marmol","CHC","RP",66,0,25,5,2,65,3,3,47,26,5,87,45,3.6,1.41
"James McDonald","PIT","SP",30,29,0,0,0,170,10,9,161,79,20,150,68,4.15,1.34
"Chad Billingsley","LAD","SP",24,23,0,0,0,150,9,8,144,63,12,128,53,3.77,1.31
"Paul Maholm","ATL","SP",30,30,0,0,0,182,11,10,184,80,17,127,55,3.96,1.31
"Johan Santana","NYM","SP",20,21,0,0,0,124,7,7,118,54,14,107,39,3.92,1.27
"Jose Valverde","DET","RP",68,0,18,6,6,66,3,3,54,27,5,56,28,3.65,1.27
"Jesse Crain","CWS","RP",61,0,3,4,16,58,4,2,45,21,6,64,26,3.26,1.22
"Trevor Bauer","CLE","SP",17,18,0,0,0,107,6,6,100,52,12,107,56,4.39,1.46
"Antonio Bastardo","PHI","RP",63,0,2,2,17,54,3,2,39,21,6,73,25,3.44,1.2
"Drew Smyly","DET","SP/RP",26,17,0,0,2,111,6,5,108,50,14,99,39,4.03,1.33
"Kyuji Fujikawa","CHC","RP",62,0,10,2,9,61,3,3,53,22,6,60,24,3.22,1.28
"Michael Pineda","NYY","SP",17,18,0,0,0,100,6,5,92,46,13,93,34,4.13,1.26
"Andrew Cashner","SD","SP/RP",29,14,0,0,4,93,6,5,82,38,9,92,38,3.66,1.28
"Felix Doubront","BOS","SP",28,27,0,0,0,156,10,9,158,78,19,146,67,4.52,1.44
"Sean Doolittle","OAK","RP",55,0,2,0,14,58,3,2,47,19,5,69,17,2.93,1.11
"Al Alburquerque","DET","RP",44,0,2,0,5,45,3,2,31,15,3,58,25,2.96,1.26
"Brian Wilson","SF","RP",40,0,15,4,5,42,2,2,38,15,3,44,20,3.23,1.35
"Brandon Beachy","ATL","SP",16,15,0,0,0,89,6,4,75,33,9,86,31,3.34,1.19
"Darren Oliver","TOR","RP",58,0,1,3,14,55,3,3,50,18,4,50,15,2.99,1.18
"Wilton Lopez","COL","RP",67,0,4,2,16,66,4,3,67,24,6,53,12,3.25,1.21
"Mark Buehrle","TOR","SP",30,30,0,0,0,200,12,10,216,92,25,114,43,4.13,1.3
"Bronson Arroyo","CIN","SP",30,30,0,0,0,192,11,10,201,91,28,118,42,4.27,1.27
"Robbie Ross","TEX","RP",49,1,0,0,5,74,5,2,68,26,5,53,26,3.22,1.26
"Juan Nicasio","COL","SP",23,23,0,0,0,132,7,7,146,65,15,116,42,4.42,1.41
"Francisco Liriano","PIT","SP/RP",28,27,0,0,0,153,8,9,139,72,14,152,72,4.26,1.38
"Steve Delabar","TOR","RP",58,0,1,1,9,59,4,3,47,25,8,74,28,3.83,1.28
"Francisco Rodriguez","MIL","RP",68,0,6,2,17,65,3,3,58,25,6,67,26,3.45,1.29
"Carlos Villanueva","CHC","SP/RP",35,14,0,1,2,115,6,6,110,53,14,102,41,4.15,1.32
"Dylan Bundy","BAL","RP",19,13,0,0,0,74,4,4,72,34,9,61,29,4.13,1.37
"Colby Lewis","TEX","SP",17,17,0,0,0,103,7,5,99,46,16,88,25,3.99,1.21
"Jeff Karstens","PIT","SP",25,21,0,0,0,130,7,7,134,58,15,86,27,4,1.24
"Josh Edgin","NYM","RP",51,0,0,2,7,44,2,2,37,20,5,46,21,4.22,1.33
"Casey Fien","MIN","RP",42,0,0,0,7,43,2,2,40,20,6,36,13,4.15,1.25
"Jeremy Horst","PHI","RP",45,1,0,0,4,48,3,2,45,19,5,45,21,3.51,1.37
"Roy Oswalt","TEX","SP/RP",15,12,0,0,0,87,5,5,91,37,10,71,21,3.85,1.29
"Luis Avilan","ATL","P",43,4,0,0,5,58,2,3,56,27,7,48,25,4.13,1.39
"Nick Vincent","SD","P",48,0,0,1,4,48,3,2,42,18,5,46,17,3.31,1.22
"Donnie Veal","CWS","RP",42,0,1,0,2,34,2,2,30,15,3,35,19,4.02,1.43
"Bartolo Colon","OAK","SP",18,18,0,0,0,117,7,6,125,50,14,76,23,3.85,1.26
"Edward Mujica","STL","RP",65,0,1,3,16,66,3,3,60,25,8,54,13,3.4,1.1
"Tim Collins","KC","RP",67,0,1,2,12,66,4,3,54,26,7,76,36,3.54,1.36
"Mike Leake","CIN","SP",23,23,0,0,0,139,8,7,149,66,17,94,34,4.28,1.32
"Eric O'Flaherty","ATL","RP",67,0,1,3,21,61,3,2,53,17,3,52,21,2.56,1.2
"Sam LeCure","CIN","RP",45,1,0,0,8,64,3,3,55,25,6,63,23,3.56,1.22
"Ted Lilly","LAD","SP",21,16,0,0,0,96,6,5,87,43,14,77,28,4,1.19
"Joe Smith","CLE","RP",61,0,1,2,16,57,4,3,48,21,4,44,22,3.3,1.24
"Santiago Casilla","SF","RP",61,0,5,3,13,57,4,3,47,19,4,52,23,3.01,1.23
"Luke Gregerson","SD","RP",69,0,4,4,22,66,3,2,54,22,5,63,20,2.97,1.13
"Ross Detwiler","WSH","SP/RP",29,27,0,0,0,160,9,9,159,69,15,105,52,3.87,1.32
"Trevor Rosenthal","STL","RP",36,10,0,0,8,75,4,4,67,31,8,73,30,3.71,1.29
"Scott Baker","CHC","SP",18,17,0,0,0,113,6,6,111,50,13,99,30,4.01,1.25
"Aaron Crow","KC","RP",65,1,2,4,14,61,3,3,56,24,6,61,25,3.53,1.31
"Mike Adams","PHI","RP",61,0,2,3,27,58,4,2,49,18,4,56,17,2.75,1.12
"Ivan Nova","NYY","SP",28,27,0,0,0,169,11,9,178,82,20,133,57,4.4,1.39
"Mark Rogers","MIL","SP",23,19,0,0,1,94,5,5,91,48,12,85,49,4.57,1.48
"Junichi Tazawa","BOS","RP",51,1,1,0,7,57,3,2,56,22,6,54,16,3.49,1.27
"Clayton Richard","SD","SP",30,30,0,0,0,192,11,11,201,85,20,111,52,3.99,1.31
"Cory Luebke","SD","SP",20,13,0,0,0,82,5,4,71,31,8,76,25,3.44,1.18
"Jordan Walden","ATL","RP",58,0,6,2,14,54,4,3,45,19,4,63,24,3.18,1.29
"Rick Porcello","DET","SP",28,27,0,0,0,165,10,9,191,81,16,100,41,4.39,1.41
"Jim Henderson","MIL","RP",59,0,3,4,17,55,3,3,48,23,5,66,28,3.83,1.38
"Joe Blanton","LAA","SP",27,26,0,0,0,164,9,9,177,82,23,131,35,4.48,1.29
"Phil Coke","DET","RP",61,1,2,1,13,58,3,3,62,25,5,48,20,3.91,1.41
"Boone Logan","NYY","RP",69,0,1,2,15,53,4,2,47,21,5,59,23,3.6,1.33
"Miguel Gonzalez","BAL","SP",24,21,0,0,0,145,9,8,142,68,17,107,49,4.2,1.32
"Brad Ziegler","ARI","RP",65,0,1,2,13,59,3,3,54,20,3,42,21,3.01,1.25
"Matt Thornton","CWS","RP",65,0,5,3,19,61,4,4,56,22,5,59,19,3.29,1.23
"Daniel Hudson","ARI","SP",14,15,0,0,0,83,5,4,84,37,10,67,22,3.98,1.27
"Kelvin Herrera","KC","RP",60,0,1,0,14,65,4,3,61,22,5,58,18,3.11,1.21
"Troy Patton","BAL","RP",51,1,0,0,4,57,2,2,53,23,6,45,16,3.59,1.21
"Lucas Harrell","HOU","SP",30,30,0,0,0,178,9,11,182,83,15,123,74,4.17,1.43
"Tyler Skaggs","ARI","SP",20,20,0,0,0,115,6,8,119,56,15,94,43,4.36,1.41
"Brett Myers","CLE","RP",31,25,0,0,0,168,8,10,175,76,21,117,45,4.08,1.31
"Patrick Corbin","ARI","SP/RP",21,20,0,0,0,112,6,7,122,54,15,90,33,4.3,1.38
"Andrew Bailey","BOS","RP",47,0,10,2,13,45,2,2,41,18,5,42,15,3.58,1.26
"Wily Peralta","MIL","SP",26,23,0,0,0,140,8,8,136,65,13,119,67,4.17,1.44
"George Kontos","SF","RP",50,1,0,0,3,55,3,2,48,21,5,50,19,3.39,1.21
"Kyle Kendrick","PHI","SP/RP",30,26,0,0,0,160,10,9,162,73,19,104,47,4.11,1.31
"Ricky Nolasco","MIA","SP",31,31,0,0,0,192,11,11,211,93,20,138,45,4.37,1.33
"Henderson Alvarez","MIA","SP",29,29,0,0,0,174,9,11,194,85,19,93,46,4.38,1.38
"Jhoulys Chacin","COL","SP",27,27,0,0,0,155,9,9,155,73,16,121,67,4.25,1.44
"Mark Melancon","PIT","RP",60,0,11,2,10,61,3,3,55,24,5,56,20,3.57,1.23
"Charlie Furbush","SEA","RP",53,2,1,0,9,61,3,3,54,25,7,60,21,3.71,1.24
"Jose Quintana","CWS","SP",27,25,0,0,0,151,8,8,162,73,17,96,51,4.33,1.41
"Jacob Turner","MIA","SP",26,26,0,0,0,150,7,10,154,75,18,104,50,4.46,1.35
"Nathan Eovaldi","MIA","SP",28,27,0,0,0,152,7,11,158,74,14,108,64,4.35,1.46
"Sean Burnett","LAA","RP",67,0,2,3,19,58,3,3,55,21,5,49,17,3.2,1.23
"Cristhian Martinez","ATL","RP",43,1,0,0,3,66,3,3,64,27,7,54,17,3.67,1.23
"Wesley Wright","HOU","RP",66,1,3,1,10,56,3,2,52,23,6,52,21,3.74,1.3
"Jorge De La Rosa","COL","SP",21,21,0,0,0,127,8,7,125,64,14,109,51,4.51,1.39
"Scott Diamond","MIN","SP",29,29,0,0,0,168,9,10,189,78,17,95,42,4.18,1.37
"Jared Burton","MIN","RP",58,0,5,1,16,53,3,2,44,19,5,46,16,3.28,1.14
"Wade LeBlanc","MIA","SP/RP",29,25,0,0,0,143,7,9,150,67,17,103,45,4.22,1.37
"Jeremy Guthrie","KC","SP",31,30,0,0,0,188,9,11,202,93,25,112,53,4.44,1.36
"Matt Belisle","COL","RP",73,0,2,5,16,75,5,4,78,29,6,65,16,3.5,1.27
"Ubaldo Jimenez","CLE","SP",31,31,0,0,0,186,10,12,182,93,20,161,86,4.52,1.44
"Gerrit Cole","PIT","SP",16,16,0,0,0,89,5,5,86,39,8,77,36,3.95,1.38
"Brayan Villarreal","DET","RP",47,2,0,0,6,55,3,3,49,24,6,57,28,4,1.41
"Josh Collmenter","ARI","SP/RP",35,9,0,0,3,92,6,4,91,40,13,73,24,3.92,1.24
"Erik Bedard","HOU","SP",20,20,0,0,0,116,6,8,114,56,14,106,50,4.31,1.41
"Cesar Ramos","TB","RP",42,3,0,1,3,50,2,2,47,23,6,38,22,4.1,1.37
"Scott Downs","LAA","RP",59,0,2,3,24,53,3,2,48,19,4,38,17,3.16,1.22
"Zack Wheeler","NYM","SP",16,15,0,0,0,84,5,5,78,37,7,77,42,3.97,1.43
"Chris Archer","TB","SP",20,16,0,0,0,88,5,5,83,43,11,79,46,4.42,1.46
"John Danks","CWS","SP",23,22,0,0,0,146,8,9,150,71,17,106,48,4.37,1.36
"Aaron Cook","PHI","SP",14,11,0,0,0,75,3,6,87,41,10,31,24,4.97,1.49
"Aaron Laffey","NYM","SP",31,9,0,0,2,82,4,5,90,41,9,44,33,4.48,1.5
"Adam Ottavino","COL","RP",50,2,0,1,4,68,3,3,72,35,8,63,31,4.69,1.52
"Alex Sanabia","MIA","SP",12,12,0,0,0,56,3,4,61,28,7,36,16,4.57,1.38
"Andrew Brackman","CWS","RP",32,13,0,0,0,39,2,4,48,63,8,24,34,7.19,2.07
"Andrew Miller","BOS","RP",56,2,0,0,6,55,3,2,54,29,6,55,36,4.66,1.62
"Andy Sonnanstine","CHC","RP",20,12,0,0,0,61,2,3,67,32,9,36,20,4.78,1.42
"Barry Enright","LAA","RP",17,17,0,0,0,81,4,5,93,48,14,45,33,5.37,1.54
"Barry Zito","SF","SP",27,26,0,0,0,159,9,9,158,76,18,105,62,4.33,1.38
"Bill Bray","WSH","RP",33,0,2,2,8,25,2,1,20,12,2,24,15,4.33,1.39
"Blake Hawksworth","LAD","RP",14,2,0,0,4,29,1,2,31,15,4,22,10,4.52,1.41
"Blake Wood","CLE","RP",32,1,0,2,3,39,2,2,40,18,4,31,17,4.27,1.47
"Bobby Jenks","BOS","RP",21,0,0,0,0,22,1,1,24,11,2,23,11,4.5,1.59
"Brad Bergesen","ARI","RP",25,11,0,0,0,73,3,4,85,43,9,41,25,5.23,1.5
"Brad Lidge","WSH","RP",25,0,2,0,6,22,1,1,20,10,2,23,14,4.19,1.54
"Brad Lincoln","TOR","SP,RP",44,6,0,0,6,74,4,4,78,36,11,61,21,4.37,1.33
"Brad Mills","LAA","SP",25,11,0,0,4,56,3,3,64,32,9,43,24,5.05,1.56
"Brad Penny","DET","RP",22,9,0,0,2,57,3,3,68,30,4,26,19,4.83,1.54
"Brandon Lyon","NYM","RP",54,0,3,2,12,51,4,3,48,21,5,45,17,3.62,1.28
"Brett Cecil","TOR","SP,RP",24,10,0,0,2,71,4,4,77,37,12,51,24,4.7,1.43
"Brian Duensing","MIN","SP,RP",42,12,0,0,4,107,6,7,118,52,10,71,31,4.38,1.4
"Brian Fuentes","STL","RP",34,0,4,0,5,31,2,2,30,15,2,26,13,4.55,1.39
"Brian Matusz","BAL","SP,RP",40,11,0,0,3,90,4,5,99,48,13,72,35,4.76,1.49
"Bruce Chen","KC","SP",28,25,0,0,0,157,9,10,167,80,22,109,46,4.6,1.36
"Burke Badenhop","MIL","RP",53,0,0,1,5,61,3,3,63,26,5,45,18,3.76,1.31
"Carl Pavano","MIN","SP",17,16,0,0,0,97,5,5,111,47,10,50,17,4.39,1.32
"Carlos Carrasco","CLE","SP",16,13,0,0,0,91,5,6,97,46,14,66,32,4.53,1.42
"Carlos Fisher","OAK","RP",48,0,0,0,0,35,1,2,37,22,5,28,29,5.71,1.84
"Carlos Gutierrez","MIN","P",17,2,0,0,0,33,1,2,38,18,3,24,19,4.99,1.74
"Carlos Zambrano","MIA","SP,RP",23,15,0,0,1,105,6,6,103,51,9,78,51,4.36,1.46
"Casey Coleman","CHC","RP",32,13,0,0,1,78,3,5,85,42,9,56,35,4.86,1.54
"Casey Kelly","SD","SP",17,17,0,0,0,86,4,6,91,42,8,71,29,4.37,1.4
"Chad Durbin","PHI","RP",60,0,0,1,9,57,3,2,56,26,8,48,24,4.16,1.4
"Chad Qualls","MIA","RP",47,0,2,6,14,48,2,3,55,24,5,30,14,4.57,1.43
"Charlie Morton","PIT","SP",11,10,0,0,0,63,3,4,69,30,5,40,22,4.32,1.45
"Chien-Ming Wang","WSH","SP,RP",13,11,0,0,0,58,3,4,75,34,9,28,18,5.32,1.6
"Chris Narveson","MIL","SP",21,18,0,0,0,117,7,7,119,59,15,92,44,4.56,1.39
"Chris Resop","OAK","RP",48,0,1,2,8,60,3,3,62,28,7,48,23,4.2,1.42
"Chris Volstad","COL","SP",23,18,0,0,0,95,4,6,113,56,13,60,34,5.31,1.54
"Chris Young","NYM","SP",15,15,0,0,0,84,4,5,86,41,11,57,29,4.44,1.38
"Clay Hensley","CIN","RP",39,1,1,2,11,50,3,3,47,24,5,41,24,4.36,1.41
"Clayton Mortensen","BOS","RP",26,3,0,0,0,47,2,3,49,25,8,34,22,4.81,1.5
"Cole Kimball","WSH","RP",19,1,1,0,0,20,1,1,18,10,2,18,13,4.45,1.53
"Collin Balester","TEX","RP",37,3,0,0,1,51,3,2,57,31,10,40,23,5.51,1.55
"Craig Breslow","BOS","RP",63,0,1,2,9,62,3,2,57,24,6,54,23,3.57,1.3
"Craig Stammen","WSH","RP",43,3,0,0,10,67,4,3,62,27,8,58,25,3.66,1.3
"D.J. Carrasco","ATL","RP",27,0,0,1,3,41,1,2,48,22,5,29,15,4.76,1.53
"Daisuke Matsuzaka","CLE","SP",10,10,0,0,0,62,3,5,65,35,9,50,28,5.17,1.5
"Dallas Braden","OAK","SP",8,8,0,0,0,56,4,4,56,24,5,34,14,3.91,1.24
"Dan Runzler","SF","RP",26,1,0,0,1,27,1,1,26,13,2,27,16,4.16,1.55
"Dan Wheeler","KC","RP",38,0,1,1,3,41,2,2,42,22,6,28,14,4.8,1.36
"Daniel Bard","BOS","SP,RP",49,1,0,0,10,51,3,2,45,25,5,45,28,4.36,1.44
"Daniel McCutchen","BAL","RP",34,2,0,0,3,51,3,3,58,27,7,31,19,4.81,1.51
"Daniel Schlereth","BAL","RP",22,0,0,1,3,24,1,1,23,12,3,22,17,4.63,1.68
"Danny Duffy","KC","SP",10,9,0,0,0,52,3,3,54,27,8,46,24,4.69,1.49
"David Aardsma","NYY","RP",37,0,3,1,8,39,2,2,34,18,4,37,19,4.11,1.34
"David Herndon","NYY","RP",15,0,0,1,2,24,1,2,27,11,3,16,8,4.33,1.47
"David Huff","CLE","SP",22,9,0,0,0,72,3,5,87,41,14,42,24,5.15,1.53
"David Pauley","SEA","RP",35,2,0,1,2,54,2,4,57,26,6,30,18,4.36,1.41
"Derek Lowe","NYY","SP,RP",20,13,0,0,0,83,4,5,97,45,6,45,30,4.92,1.54
"Doug Slaten","PIT","RP",37,0,0,0,2,37,2,2,38,18,3,26,18,4.36,1.48
"Dustin McGowan","TOR","SP",14,8,0,0,0,36,2,2,39,20,5,28,17,5.04,1.56
"Dustin Moseley","SD","SP",5,5,0,0,0,36,1,2,37,16,4,20,12,4.07,1.35
"Elih Villanueva","MIA","SP",31,25,0,0,0,79,4,5,87,40,9,51,28,4.62,1.47
"Esmil Rogers","TOR","RP",46,2,0,1,3,68,3,3,78,37,8,62,28,4.86,1.55
"Evan Meek","TEX","RP",39,0,2,2,7,40,2,2,39,18,4,32,21,4.08,1.48
"Everett Teaford","KC","SP,RP",26,6,0,0,2,60,3,3,63,31,10,39,22,4.68,1.43
"Roberto Hernandez","TB","SP",23,14,0,0,0,88,4,5,95,45,11,49,27,4.66,1.4
"Felipe Paulino","KC","SP",15,9,0,0,0,52,2,3,52,25,6,48,21,4.22,1.41
"Fernando Abad","WSH","SP,RP",35,3,0,1,6,39,1,4,46,21,6,32,13,4.71,1.5
"Fernando Salas","STL","RP",58,0,2,3,6,59,3,3,52,24,6,59,22,3.58,1.25
"Francisco Cordero","HOU","RP",49,0,4,2,3,50,3,4,54,26,6,36,20,4.57,1.48
"Frank Herrmann","CLE","RP",47,1,0,0,2,48,2,1,54,24,7,33,15,4.45,1.42
"Franklin Morales","BOS","SP,RP",38,7,0,0,5,77,4,4,71,36,10,71,33,4.23,1.35
"Freddy Garcia","SD","SP,RP",25,17,0,0,0,116,8,6,118,53,12,86,36,4.07,1.32
"George Sherrill","KC","RP",23,0,1,2,5,18,1,1,20,10,2,16,8,4.84,1.57
"Guillermo Mota","SF","RP",33,0,1,1,7,44,1,2,42,20,4,41,17,4.12,1.35
"Heath Bell","ARI","RP",65,0,10,3,12,60,3,3,57,24,5,57,24,3.66,1.36
"Henry Rodriguez","WSH","RP",44,0,1,2,4,45,2,2,36,21,3,48,29,4.11,1.45
"Hisanori Takahashi","CHC","RP",48,0,1,1,3,55,3,3,51,24,6,51,19,3.99,1.29
"Henry Villar","HOU","RP",34,6,0,0,0,34,1,3,42,24,6,19,15,6.22,1.65
"J.A. Happ","TOR","SP",22,15,0,0,0,101,6,6,101,51,14,88,44,4.6,1.44
"J.C. Romero","BAL","RP",30,0,1,1,5,28,1,1,35,16,3,20,16,5.13,1.81
"Jim Hoey","MIL","RP",48,0,0,0,1,32,1,2,38,22,5,24,27,6.23,1.98
"J.P. Howell","LAD","RP",50,0,1,0,6,43,2,2,37,19,5,39,20,4.01,1.33
"Jair Jurrjens","BAL","SP",21,17,0,0,0,114,6,7,127,61,18,64,37,4.79,1.44
"Jake Arrieta","BAL","SP,RP",25,19,0,0,0,116,6,7,118,62,16,97,46,4.82,1.42
"Jake Westbrook","STL","SP",28,28,0,0,0,170,11,9,181,78,15,105,57,4.14,1.4
"Jason Berken","CHC","SP",20,8,0,2,2,58,3,4,68,30,8,39,22,4.71,1.55
"Jason Frasor","TEX","RP",59,0,2,3,13,55,3,2,52,23,6,57,24,3.84,1.39
"Jason Isringhausen","NYM","RP",37,0,1,0,9,34,2,2,32,17,5,26,15,4.49,1.4
"Jason Marquis","SD","SP",23,23,0,0,0,138,7,9,152,70,16,91,46,4.54,1.44
"Javier Lopez","SF","RP",67,0,2,1,17,47,3,2,43,16,2,36,20,3.08,1.32
"Javier Vazquez","MIA","SP",25,24,0,0,0,145,9,8,139,65,18,120,44,4.07,1.27
"Jeanmar Gomez","PIT","SP",18,15,0,0,0,82,5,6,91,44,12,50,28,4.77,1.45
"Jeff Francis","COL","SP",27,24,0,0,0,141,7,9,171,75,18,90,32,4.81,1.43
"Jeff Manship","COL","RP",20,7,0,0,1,43,2,2,56,27,7,28,18,5.72,1.72
"Jenrry Mejia","NYM","SP",22,10,0,0,0,59,3,5,64,30,6,36,27,4.6,1.53
"Jeremy Affeldt","SF","RP",63,0,2,2,15,59,3,2,52,21,3,52,24,3.14,1.29
"Jeremy Jeffress","TOR","RP",28,2,0,0,1,32,2,2,34,18,3,27,22,5.19,1.78
"Martin Perez","TEX","SP,RP",24,20,0,0,0,103,6,7,117,58,13,67,46,5.07,1.59
"Jesse Chavez","OAK","RP",27,5,0,0,2,49,2,3,55,27,8,39,16,5.04,1.45
"Jesse Litsch","TOR","SP,RP",0,0,0,0,1,20,1,2,21,11,3,14,7,4.86,1.37
"Jo-Jo Reyes","PIT","SP",21,15,0,0,0,73,4,5,87,41,10,47,25,5.01,1.52
"Joakim Soria","TEX","RP",44,0,7,1,8,41,2,2,40,17,6,40,12,3.64,1.26
"Joba Chamberlain","NYY","RP",46,0,1,2,12,47,3,2,47,20,5,46,15,3.96,1.32
"Joe Saunders","SEA","SP",29,29,0,0,0,184,10,11,195,84,21,110,51,4.12,1.34
"Joe Thatcher","SD","RP",53,0,1,0,11,35,2,2,30,12,2,40,14,3.16,1.24
"Joel Pineiro","BAL","SP",15,14,0,0,0,90,5,5,104,47,11,47,22,4.67,1.39
"Joel Zumaya","MIN","RP",35,0,0,1,4,30,2,1,28,12,2,27,13,3.69,1.36
"Joey Devine","OAK","RP",16,0,0,0,2,12,1,1,11,5,1,11,5,3.71,1.34
"John Grabow","LAD","RP",59,0,1,0,4,45,2,2,48,24,6,32,20,4.91,1.53
"John Lackey","BOS","SP",21,20,0,0,0,133,7,8,150,71,16,93,44,4.77,1.45
"John Lannan","PHI","SP",26,25,0,0,0,150,8,9,163,74,15,84,59,4.45,1.48
"Jon Garland","SEA","SP",15,12,0,0,0,78,4,5,78,36,9,51,30,4.16,1.38
"Jon Rauch","MIA","RP",62,0,3,2,11,55,3,3,52,24,6,42,14,3.87,1.2
"Jonathan Sanchez","PIT","SP",11,9,0,0,0,65,3,5,57,32,8,61,38,4.37,1.46
"Jordan Lyles","HOU","SP",28,28,0,0,0,158,7,11,175,83,21,112,46,4.71,1.4
"Jordan Smith","MIA","RP",49,2,0,1,1,47,2,3,62,27,5,25,17,5.13,1.67
"Jose Arredondo","CIN","RP",61,0,1,1,11,59,4,3,49,23,6,59,31,3.57,1.37
"Jose Contreras","PHI","RP",20,0,1,0,4,20,1,1,19,9,2,19,7,3.99,1.27
"Jose Mijares","SF","RP",66,0,0,1,12,51,2,2,47,20,4,46,22,3.51,1.36
"Josh Lueke","TB","RP",26,0,0,0,0,32,2,2,36,18,3,26,12,4.88,1.5
"Josh Outman","COL","SP,RP",35,9,0,0,2,66,3,4,72,37,9,55,34,5.07,1.6
"Josh Tomlin","CLE","SP,RP",15,11,0,0,0,74,4,4,82,41,13,42,17,4.95,1.33
"Juan Cruz","PHI","RP",44,1,1,1,10,37,2,1,35,16,3,35,20,3.89,1.48
"Juan Gutierrez","KC","RP",34,0,3,1,4,33,1,2,37,18,6,26,13,5.05,1.52
"Kameron Loe","SEA","RP",40,0,1,5,10,49,3,3,49,20,4,38,13,3.75,1.27
"Kerry Wood","CHC","RP",32,0,2,4,12,31,2,3,27,14,3,33,18,3.94,1.43
"Kevin Correia","MIN","SP",28,26,0,0,0,160,9,11,178,85,22,88,48,4.8,1.41
"Kevin Gregg","LAD","RP",50,0,3,2,4,54,2,3,55,27,6,47,31,4.46,1.6
"Kevin Jepsen","LAA","RP",56,0,1,2,13,53,3,3,52,23,5,46,20,3.84,1.37
"Kevin Millwood","SEA","SP",19,17,0,0,0,111,5,7,121,54,13,75,37,4.37,1.43
"Kevin Slowey","MIA","SP,RP",10,9,0,0,0,54,2,4,64,29,8,37,12,4.88,1.39
"Kyle Drabek","TOR","SP",14,13,0,0,0,68,4,5,74,40,11,44,39,5.29,1.66
"Kyle Farnsworth","TB","RP",49,0,3,3,9,47,3,2,40,17,4,42,15,3.32,1.19
"Kyle Gibson","MIN","SP",17,13,0,0,0,77,4,5,83,38,10,60,26,4.49,1.42
"Kyle McClellan","TEX","RP",29,2,1,0,4,36,2,2,37,19,6,22,13,4.68,1.36
"Kyle Waldrop","PIT","RP",27,0,0,0,1,30,1,1,33,14,3,13,10,4.36,1.47
"LaTroy Hawkins","NYM","RP",39,0,1,2,10,38,2,2,40,16,3,24,12,3.87,1.37
"Juan Carlos Oviedo","TB","RP",19,0,0,0,0,17,1,1,16,8,2,15,6,3.89,1.24
"Livan Hernandez","MIL","RP",27,9,0,0,2,70,3,3,79,36,7,42,20,4.61,1.41
"Logan Ondrusek","CIN","RP",60,0,0,2,8,56,4,3,53,26,7,41,27,4.21,1.42
"Louis Coleman","KC","RP",41,0,0,0,6,52,2,2,43,22,7,59,24,3.86,1.3
"Luke Hochevar","KC","SP",34,17,0,0,2,107,5,6,111,55,14,79,36,4.65,1.37
"Manny Acosta","NYM","RP",36,0,1,2,5,40,2,2,40,20,5,37,18,4.46,1.42
"Manny Parra","CIN","RP",43,0,0,1,3,48,2,2,50,24,4,48,27,4.58,1.6
"Marc Rzepczynski","STL","RP",63,1,1,1,12,54,2,3,52,24,5,47,23,3.91,1.37
"Marcos Mateo","CHC","RP",29,2,0,0,1,30,1,2,31,15,4,28,14,4.55,1.5
"Mark Lowe","LAD","RP",40,0,0,1,6,42,2,3,41,19,5,36,16,4.02,1.37
"Matt Capps","CLE","RP",44,0,6,2,5,46,3,3,48,20,6,30,10,3.99,1.25
"Matt Guerrier","LAD","RP",48,0,0,3,10,47,3,3,41,21,5,34,17,3.95,1.23
"Matt Lindstrom","CWS","RP",45,0,2,2,8,46,2,2,48,19,4,36,14,3.71,1.35
"Matt Maloney","MIN","RP",11,6,0,0,0,28,1,2,38,18,8,16,6,5.75,1.56
"Matt Reynolds","ARI","RP",63,0,0,1,6,52,2,2,51,22,7,49,17,3.91,1.31
"Mauricio Robles","PHI","RP,SP",20,8,0,0,0,46,2,4,50,34,7,37,49,6.7,2.14
"Michael Kirkman","TEX","RP",33,4,0,1,2,59,3,3,56,31,8,52,32,4.79,1.51
"Michael McClendon","COL","RP",38,0,0,0,2,46,4,2,53,22,3,31,17,4.29,1.5
"Michael Wuertz","MIA","RP",34,2,1,0,5,30,1,1,29,16,4,31,17,4.79,1.54
"Mike Dunn","MIA","RP",66,0,1,3,12,55,3,3,52,25,5,59,32,4.05,1.53
"Michael Gonzalez","MIL","RP",47,0,1,2,10,42,2,2,37,17,4,44,18,3.74,1.33
"Mike Pelfrey","MIN","SP",20,19,0,0,0,119,6,7,135,59,12,68,39,4.51,1.47
"Neftali Feliz","TEX","SP",23,5,1,0,2,36,2,1,31,15,4,33,16,3.7,1.3
"Nick Blackburn","MIN","SP",25,25,0,0,0,118,5,8,151,71,20,53,34,5.39,1.57
"Nick Masset","CIN","RP",39,0,1,3,6,40,2,2,39,17,4,39,17,3.72,1.37
"Oliver Perez","SEA","RP",41,1,0,1,4,45,2,3,45,23,5,37,26,4.68,1.6
"Pat Misch","DET","RP",24,21,0,0,0,68,3,6,87,46,13,34,20,6.12,1.57
"Pat Neshek","OAK","RP",43,0,0,1,6,39,2,2,35,18,5,31,17,4.09,1.32
"Pedro Feliciano","NYM","RP",32,0,0,0,12,23,1,2,23,9,2,21,10,3.64,1.4
"Rafael Perez","CLE","RP",29,0,0,2,8,35,2,1,35,14,2,19,13,3.65,1.37
"Ramon Ramirez","SF","RP",43,0,1,1,4,51,2,2,44,21,3,41,23,3.69,1.32
"Ramon Troncoso","CWS","RP",49,0,0,0,3,51,2,3,68,35,9,31,27,6.22,1.85
"Randy Wells","TEX","RP",16,14,0,0,0,68,3,4,79,40,10,41,28,5.33,1.57
"Randy Wolf","BAL","SP",18,13,0,0,0,106,5,6,116,55,15,66,36,4.68,1.43
"Rich Harden","MIN","SP",20,10,0,0,1,62,3,4,63,34,13,62,28,4.9,1.48
"Rick VandenHurk","PIT","RP",2,1,0,0,0,6,0,1,8,5,1,5,4,6.93,1.94
"Rodrigo Lopez","PHI","RP",24,19,0,0,0,110,5,7,123,60,15,70,38,4.85,1.46
"Ross Ohlendorf","WSH","SP",16,12,0,0,0,69,3,5,78,40,10,49,26,5.23,1.51
"Rudy Owens","HOU","SP",22,18,0,0,0,101,4,6,130,58,18,68,34,5.13,1.62
"Ryan Perry","WSH","RP",28,2,0,1,3,39,2,2,39,18,3,27,16,4.27,1.42
"Ryan Webb","MIA","RP",59,0,0,2,11,58,3,3,60,23,3,43,21,3.56,1.38
"Sam Demel","HOU","RP",35,0,1,0,4,34,2,2,37,18,6,29,15,4.82,1.52
"Scott Feldman","CHC","SP,RP",25,21,0,0,0,129,7,8,136,61,13,95,37,4.28,1.34
"Scott Linebrink","ATL","RP",64,0,0,1,4,49,3,3,51,22,7,42,17,4.02,1.39
"Sean O'Sullivan","SD","SP",32,24,0,0,0,119,6,9,134,65,13,61,46,4.91,1.52
"Shawn Camp","CHC","RP",68,0,1,3,12,68,4,3,69,27,5,46,20,3.62,1.31
"Simon Castro","CWS","RP,SP",14,15,0,0,0,74,3,5,92,44,10,47,28,5.41,1.62
"Takashi Saito","ARI","RP",20,0,0,1,10,20,1,1,19,8,2,20,7,3.63,1.28
"Tanner Scheppers","TEX","RP",47,0,1,0,4,46,2,2,55,23,6,40,16,4.43,1.52
"Tim Byrdak","NYM","RP",52,0,0,2,13,35,2,1,28,15,3,38,19,3.84,1.32
"Tim Stauffer","SD","SP",14,12,0,0,0,83,5,5,85,36,9,57,25,3.85,1.32
"Todd Coffey","WSH","RP",40,0,0,1,7,40,2,2,38,18,3,33,15,4.01,1.32
"Tom Gorzelanny","MIL","RP",47,3,1,0,8,72,3,3,67,31,8,66,30,3.85,1.35
"Tommy Hunter","BAL","SP,RP",30,9,0,1,1,85,4,4,97,45,17,50,20,4.73,1.38
"Tony Sipp","ARI","RP",65,0,1,1,13,57,3,2,49,26,9,57,26,4.17,1.31
"Travis Wood","CHC","SP",23,20,0,0,0,132,6,8,128,64,18,103,45,4.37,1.31
"Trever Miller","CHC","RP",46,0,0,1,5,25,1,1,24,11,2,18,11,3.8,1.36
"Trevor Bell","DET","RP",21,13,0,0,0,62,3,3,81,37,8,36,24,5.47,1.7
"Tyson Ross","SD","SP,RP",26,11,0,0,0,78,4,6,82,40,6,57,37,4.58,1.53
"Vin Mazzaro","PIT","SP,RP",21,12,0,0,1,78,3,5,83,38,7,54,33,4.41,1.49
"Will Ohman","WSH","RP",49,0,0,1,6,43,1,2,41,22,5,37,16,4.53,1.33
"Yunesky Maya","WSH","SP",8,8,0,0,0,37,2,3,44,23,6,17,13,5.62,1.54
"Zach Braddock","BAL","RP",36,1,1,1,6,27,1,1,25,13,3,31,16,4.33,1.48
"Zach Britton","BAL","SP",22,19,0,0,0,108,6,7,114,55,12,80,47,4.6,1.48
"Zach Duke","WSH","RP",34,10,0,0,1,83,4,5,101,45,11,47,25,4.8,1.51
"Zach Stewart","CWS","SP,RP",20,7,0,0,1,46,2,4,61,33,12,28,14,6.42,1.63
"Oliver Drake","BAL","SP",10,9,0,0,0,53,2,4,78,35,8,29,23,5.85,1.9
"Dana Eveland","BAL","RP",18,12,0,0,0,56,3,4,63,32,6,30,26,5.11,1.58
"Zach Phillips","MIA","P,RP",35,1,0,0,0,35,1,2,36,16,2,26,19,4.24,1.6
"Clay Rapada","NYY","RP",63,0,0,0,7,42,3,1,36,18,4,39,18,3.79,1.29
"Alfredo Simon","CIN","RP",43,1,1,0,4,59,3,2,60,25,6,49,22,3.83,1.4
"Pedro Strop","BAL","RP",63,0,1,3,15,59,3,3,52,23,4,54,31,3.49,1.4
"Tsuyoshi Wada","BAL","SP",13,10,0,0,0,69,4,5,71,35,10,53,26,4.6,1.4
"Alfredo Aceves","BOS","RP",47,2,2,1,6,74,4,3,69,34,8,59,27,4.15,1.3
"Matt Albers","CLE","RP",58,0,0,4,9,60,3,2,56,26,6,49,25,3.9,1.34
"Scott Atchison","NYM","RP",29,0,0,0,4,42,2,1,38,14,3,32,10,3.1,1.15
"Michael Bowden","CHC","RP",45,1,0,0,2,54,2,2,50,25,7,46,25,4.14,1.39
"Drake Britton","BOS","P",17,16,0,0,0,70,3,6,97,51,10,48,46,6.5,2.05
"Stolmy Pimentel","BOS","P",17,16,0,0,0,75,3,7,96,48,10,45,34,5.7,1.73
"Dellin Betances","NYY","RP,SP",16,16,0,0,0,56,2,5,65,40,9,46,45,6.4,1.94
"Cesar Cabral","NYY","RP",25,0,0,0,0,36,2,2,43,19,3,28,18,4.82,1.68
"Brad Meyers","NYY","P",7,6,0,0,0,37,3,1,44,16,4,29,7,3.8,1.37
"D.J. Mitchell","SEA","RP",13,11,0,0,0,45,2,4,51,27,6,25,25,5.38,1.69
"Hector Noesi","SEA","SP",26,18,0,0,1,99,4,7,105,55,14,68,36,4.99,1.43
"David Phelps","NYY","SP,RP",33,15,0,0,2,103,5,5,102,48,13,85,36,4.14,1.34
"Cory Wade","CHC","RP",48,0,0,1,7,47,3,2,47,20,6,38,12,3.91,1.27
"Kevin Whelan","CIN","RP",39,0,0,0,0,28,1,2,28,24,4,28,20,5.17,1.69
"Dane De La Rosa","TB","RP",44,0,0,0,0,42,2,3,41,22,5,38,25,4.69,1.57
"Brandon Gomes","TB","RP",47,0,0,0,5,49,3,3,45,22,5,46,23,3.97,1.38
"Chad Beck","TOR","RP",35,4,0,0,0,44,2,2,58,27,6,23,18,5.42,1.73
"Joel Carreno","TOR","RP",16,11,0,0,0,49,2,3,55,28,8,43,28,5.03,1.68
"Evan Crawford","TOR","RP,CF",30,1,0,0,1,28,1,2,37,17,4,19,15,5.52,1.84
"Danny Farquhar","SEA","RP",66,0,0,0,0,58,3,3,58,26,4,47,28,4.04,1.48
"Trystan Magnuson","TOR","RP",45,1,0,0,0,35,2,1,46,19,5,25,13,4.79,1.67
"Luis Perez","TOR","RP",22,5,0,1,3,43,2,2,47,23,5,33,21,4.83,1.58
"Dylan Axelrod","CWS","SP,RP",25,14,0,0,0,83,4,4,91,43,11,63,33,4.6,1.49
"Anthony Carter","CWS","P",30,2,0,0,0,46,3,2,60,31,7,31,24,6.12,1.84
"Deunte Heath","CWS","P",21,3,0,0,0,31,2,2,32,19,5,26,20,5.39,1.7
"Pedro Hernandez","CWS","P",14,10,0,0,0,50,2,4,69,30,8,28,14,5.5,1.67
"Gregory Infante","LAD","RP",41,1,0,0,0,37,2,3,39,28,3,27,24,4.54,1.69
"Nate Jones","CWS","RP",55,0,0,2,8,56,4,2,54,23,5,51,25,3.76,1.41
"Charles Leesman","CWS","P",17,14,0,0,0,83,3,7,109,50,8,50,56,5.38,1.98
"Jhan Marinez","CWS","RP",30,0,0,1,0,28,2,2,28,17,5,26,23,5.62,1.83
"Nestor Molina","CWS","P",15,14,0,0,0,73,3,6,101,45,11,46,23,5.54,1.69
"Hector Santiago","CWS","SP,RP",44,7,1,0,2,84,4,4,77,42,12,78,46,4.48,1.46
"Kelvin De La Cruz","CLE","P",27,19,0,0,0,105,4,8,116,64,15,80,69,5.49,1.77
"Nick Hagadone","CLE","RP",40,1,0,0,2,39,2,2,36,20,5,36,21,4.57,1.46
"Corey Kluber","CLE","SP",20,16,0,0,0,77,4,5,90,43,13,61,34,5.06,1.63
"Zach McAllister","CLE","SP",26,27,0,0,0,151,8,9,164,74,20,117,47,4.43,1.39
"Zach Putnam","CHC","RP",50,2,0,0,0,46,2,2,55,23,4,35,18,4.55,1.58
"Danny Salazar","CLE","P",12,12,0,0,0,50,2,3,61,28,6,34,23,5.07,1.67
"Duane Below","DET","RP",24,8,0,0,0,56,2,3,64,30,8,33,19,4.88,1.47
"Casey Crosby","DET","P",13,13,0,0,0,59,3,5,68,39,9,41,41,5.94,1.86
"Matt Hoffman","DET","P",24,1,0,0,0,32,1,2,44,19,4,19,15,5.26,1.83
"Luis Marte","DET","RP",26,0,0,0,0,36,2,2,36,18,4,31,17,4.4,1.45
"Jose Ortega","DET","P",33,0,0,0,0,33,1,3,41,30,4,25,26,6.11,2.05
"Tyler Stohr","DET","P",18,0,0,0,0,20,1,1,25,12,2,13,15,5.59,2.03
"Adam Wilk","DET","SP",14,13,0,0,0,64,3,4,75,33,10,35,14,4.63,1.4
"Nate Adcock","KC","RP",19,5,0,0,0,45,1,3,50,22,5,26,18,4.47,1.52
"Noel Arguelles","KC","SP",16,16,0,0,0,73,2,7,107,55,11,31,47,6.76,2.1
"Luis Mendoza","KC","SP,RP",21,13,0,0,0,95,5,6,105,48,11,54,35,4.5,1.47
"Ryan Verdugo","KC","P",20,13,0,0,0,55,2,4,63,35,9,42,37,5.84,1.83
"Alex Burnett","MIN","RP",62,0,0,1,9,60,3,3,62,29,6,37,23,4.37,1.43
"Jeff Gray","CWS","RP",44,0,0,1,2,48,2,2,52,27,7,30,20,5.1,1.53
"Deolis Guerra","MIN","P",19,2,0,0,0,37,2,4,43,25,7,26,18,5.94,1.63
"Liam Hendriks","MIN","SP",26,26,0,0,0,147,6,10,169,79,19,92,43,4.82,1.45
"Lester Oliveros","MIN","RP",26,0,0,0,0,27,1,1,29,15,3,22,15,4.85,1.62
"Tyler Robertson","MIN","P",52,2,0,1,3,50,3,3,54,28,7,42,26,4.92,1.58
"Anthony Swarzak","MIN","SP,RP",27,7,0,0,0,66,3,4,76,36,9,39,21,4.9,1.47
"Esmerling Vasquez","MIN","SP",28,4,0,1,4,48,2,4,48,27,5,35,30,5.07,1.62
"Bobby Cassevah","LAA","RP",29,0,0,1,2,33,2,2,35,17,3,17,17,4.68,1.6
"John Hellweg","LAA","P",22,6,0,0,0,52,3,2,54,30,5,43,47,5.16,1.94
"Michael Kohn","LAA","RP",32,0,0,0,1,28,2,1,28,14,4,27,16,4.32,1.52
"Ariel Pena","LAA","P",17,17,0,0,0,91,4,6,105,58,14,79,67,5.73,1.88
"Garrett Richards","LAA","SP,RP",27,12,0,0,0,99,5,6,108,52,12,66,45,4.75,1.55
"Rich Thompson","TOR","RP",44,0,1,0,1,45,2,2,41,20,6,40,18,3.97,1.32
"Jerome Williams","LAA","SP,RP",29,11,0,0,1,97,5,5,101,46,12,66,27,4.27,1.32
"Jerry Blevins","OAK","RP",59,0,0,0,11,57,3,2,49,23,6,50,22,3.61,1.26
"Andrew Carignan","OAK","RP",20,0,0,0,0,19,1,1,18,9,1,17,11,4.22,1.54
"Fautino De Los Santos","SD","RP",33,0,0,1,1,37,2,2,38,17,2,42,20,4.07,1.57
"Pedro Figueroa","OAK","RP",22,2,0,0,0,28,1,1,29,14,3,19,18,4.61,1.64
"Graham Godfrey","BOS","SP",4,3,0,0,0,20,1,3,25,12,4,11,8,5.18,1.63
"Guillermo Moscoso","KC","SP,RP",19,12,0,0,0,70,3,5,80,38,11,49,25,4.91,1.49
"Jordan Norberto","OAK","RP",44,0,0,1,3,49,3,2,41,21,5,44,26,3.96,1.39
"Brad Peacock","HOU","SP,RP",20,14,0,0,0,91,5,7,97,51,13,73,46,5.08,1.57
"Neil Wagner","TOR","RP",59,0,0,0,0,51,3,3,63,28,4,41,26,4.88,1.74
"Blake Beavan","SEA","SP",27,26,0,0,0,159,8,10,178,79,22,75,30,4.48,1.31
"Danny Hultzen","SEA","SP",16,16,0,0,0,80,4,5,73,39,7,72,48,4.35,1.51
"Cesar Jimenez","PHI","RP",31,0,1,0,0,32,2,2,34,16,2,28,16,4.61,1.62
"Shawn Kelley","SEA","RP",42,0,0,1,4,43,3,2,40,17,5,41,15,3.65,1.28
"Lucas Luetge","SEA","RP",51,0,1,1,9,46,2,2,45,21,4,38,23,4.07,1.49
"Yoervis Medina","SEA","P",19,5,0,0,0,44,2,5,49,29,7,28,27,5.9,1.72
"Chance Ruffin","SEA","RP",37,0,1,0,0,36,1,2,38,20,4,28,21,4.87,1.63
"Jairo Asencio","MIL","RP",36,0,0,0,0,39,2,1,39,19,5,35,18,4.39,1.45
"Jaye Chapman","ATL","P",40,0,0,0,5,39,2,3,37,19,3,38,26,4.37,1.6
"Erik Cordier","ATL","P",14,11,0,0,0,55,3,5,60,32,5,37,40,5.22,1.8
"Randall Delgado","ARI","SP",21,18,0,0,0,88,4,5,88,44,11,72,40,4.49,1.46
"Robert Fish","ATL","P",20,2,0,0,0,29,1,2,36,20,6,26,20,6.27,1.9
"Cory Gearrin","ATL","RP",47,0,0,1,5,46,2,2,43,19,3,47,21,3.65,1.37
"J.J. Hoover","CIN","RP",42,1,1,1,3,48,2,1,36,17,4,49,20,3.18,1.17
"Todd Redmond","ATL","P",15,15,0,0,0,67,4,6,76,40,16,50,24,5.38,1.5
"Anthony Varvaro","ATL","RP",28,0,0,0,0,35,2,2,30,17,4,35,22,4.32,1.51
"Arodys Vizcaino","CHC","RP",26,5,1,1,2,46,2,2,45,21,5,42,19,4.08,1.4
"Arquimedes Caminero","MIA","P",19,0,0,0,0,25,1,1,25,13,2,23,17,4.63,1.72
"Jose Ceda","MIA","RP",37,0,0,0,0,34,2,2,29,14,3,36,17,3.74,1.39
"Randy Choate","STL","RP",67,0,1,1,14,40,2,1,32,15,3,40,18,3.35,1.25
"Brad Hand","MIA","SP",14,14,0,0,0,68,3,6,70,40,11,50,44,5.28,1.69
"Chris Hatcher","MIA","RP",38,0,0,0,2,39,1,1,40,18,4,33,17,4.2,1.46
"Dan Jennings","MIA","RP",48,0,0,0,4,43,2,2,42,21,4,27,22,4.36,1.5
"Tom Koehler","MIA","P",18,10,0,0,1,55,3,4,58,29,9,44,25,4.8,1.53
"Evan Reed","MIA","P",26,0,0,0,0,31,1,2,33,16,3,26,17,4.69,1.61
"Sandy Rosario","SF","RP",25,0,0,0,0,26,1,2,30,13,3,22,9,4.44,1.5
"Pedro Beato","BOS","RP",37,1,0,0,6,49,2,2,52,27,6,32,21,4.98,1.49
"Robert Carson","NYM","RP",39,4,0,0,1,49,2,2,54,27,6,30,23,4.93,1.57
"Jeurys Familia","NYM","P",18,12,0,0,1,55,2,4,57,30,5,46,35,4.91,1.67
"Jeremy Hefner","NYM","SP,RP",24,17,0,0,0,99,5,6,109,50,11,65,27,4.58,1.38
"Chris Schwinden","NYM","SP",25,23,0,0,0,87,4,6,107,49,11,59,31,4.99,1.57
"Josh Stinson","MIL","RP",30,7,0,0,1,60,3,4,69,36,8,33,35,5.46,1.74
"Phillippe Aumont","PHI","RP",41,1,1,1,5,39,2,2,34,20,4,38,27,4.63,1.58
"Justin De Fratus","PHI","RP",38,0,0,0,4,35,2,1,31,14,4,32,14,3.6,1.26
"Jake Diekman","PHI","RP",48,0,0,0,0,45,2,2,40,22,4,47,33,4.45,1.62
"Joe Savery","PHI","RP",23,2,0,0,1,31,1,2,33,16,4,22,12,4.69,1.44
"Michael Schwimer","PHI","RP",39,0,0,2,1,38,2,2,35,17,5,39,16,4,1.36
"Michael Stutes","PHI","RP",35,1,0,0,5,42,3,2,37,20,5,38,21,4.27,1.39
"Dontrelle Willis","CHC","SP",14,11,0,0,0,56,2,4,62,31,5,40,31,5.06,1.67
"Ryan Mattheus","WSH","RP",56,0,0,0,11,53,3,3,48,22,5,35,19,3.76,1.27
"Atahualpa Severino","KC","RP",49,0,0,0,0,34,1,2,39,21,4,25,25,5.59,1.89
"Jeff Beliveau","CHC","P",29,0,0,0,0,31,2,2,34,17,6,29,17,5.02,1.65
"Alberto Cabrera","CHC","P",33,3,0,0,1,43,2,3,45,23,5,41,25,4.81,1.61
"Lendy Castillo","CHC","RP",19,2,0,0,1,27,1,1,32,15,3,22,15,4.94,1.71
"Manuel Corpas","COL","RP",44,0,1,2,4,46,1,2,52,26,7,30,16,5.12,1.48
"Rafael Dolis","CHC","RP",39,2,1,1,1,42,2,3,45,24,4,29,25,5.11,1.65
"John Gaub","STL","SP,RP",66,0,0,0,0,34,2,2,33,18,3,38,23,4.68,1.66
"Scott Maine","MIA","RP",40,0,0,0,1,37,2,2,36,18,4,37,19,4.46,1.49
"James Russell","CHC","RP",68,0,1,2,11,65,3,3,66,29,8,50,19,3.93,1.31
"Josh Judy","CIN","RP",52,0,0,0,0,34,1,2,39,20,5,32,17,5.28,1.63
"Kyle Lotzkar","CIN","P",13,13,0,0,0,63,3,4,71,44,13,54,43,6.33,1.82
"Pedro Villarreal","CIN","P",20,17,0,0,0,72,4,5,89,59,13,45,25,5.56,1.59
"Juan Abreu","LAD","RP",56,0,0,0,0,44,1,4,44,29,9,49,34,5.87,1.79
"David Carpenter","ATL","RP",45,0,0,0,2,48,2,3,49,24,6,39,20,3.91,1.46
"Paul Clemens","HOU","P",19,15,0,0,0,85,2,7,112,56,13,55,42,6.01,1.83
"Rhiner Cruz","HOU","RP",43,0,0,1,1,51,1,2,57,32,7,42,32,5.69,1.76
"Enerio Del Rosario","HOU","RP",30,0,0,1,1,31,1,2,39,18,3,16,15,5.34,1.76
"Sergio Escalona","HOU","RP",33,0,2,0,2,25,2,2,26,13,3,21,12,4.54,1.52
"Arcenio Leon","HOU","P",32,0,2,0,0,45,2,3,52,30,5,38,40,6.01,2.04
"Aneury Rodriguez","HOU","SP",22,9,0,0,0,56,1,5,60,35,12,41,27,5.58,1.55
"Fernando Rodriguez","OAK","RP",41,1,0,0,3,48,2,3,47,24,5,47,24,4.56,1.49
"Henry Sosa","HOU","SP",31,12,0,0,0,54,2,4,66,31,7,36,26,5.16,1.7
"Kyle Weiland","HOU","SP",8,8,0,0,0,35,1,4,41,22,6,24,18,5.6,1.68
"Tim Dillard","MIL","RP",35,0,0,0,1,45,1,2,50,22,5,35,15,4.33,1.46
"Brandon Kintzler","MIL","RP",45,0,1,0,7,45,3,2,47,20,5,39,17,4,1.4
"Santo Manzanillo","MIL","P",23,0,0,0,0,28,1,3,32,19,5,21,21,6.1,1.92
"Cody Scarpetta","MIL","SP",14,13,0,0,0,65,3,5,71,38,7,53,48,5.22,1.83
"Jared Hughes","PIT","RP",59,2,1,1,8,68,3,3,65,28,6,48,23,3.7,1.28
"Chris Leroux","PIT","RP",33,1,0,1,2,46,2,2,47,19,4,40,15,3.75,1.34
"Jeff Locke","PIT","SP",18,17,0,0,0,87,4,6,92,43,11,70,34,4.45,1.44
"Kyle McPherson","PIT","P",19,12,0,0,0,86,5,5,88,39,11,66,22,4.04,1.28
"Bryan Morris","PIT","P",39,2,0,0,3,48,2,2,49,24,5,39,18,3.98,1.38
"Daniel Moskos","CWS","RP",46,0,0,0,0,30,1,2,33,17,3,19,19,5.16,1.74
"Tony Watson","PIT","RP",63,0,1,2,13,57,4,3,46,23,6,56,24,3.63,1.22
"Duke Welker","PIT","P",27,1,0,0,0,34,1,2,35,19,3,25,26,4.95,1.79
"Justin Wilson","PIT","P",35,10,0,0,3,57,3,3,57,28,7,51,32,4.38,1.56
"Maikel Cleto","STL","RP",27,3,0,0,0,35,2,2,37,19,5,36,19,4.88,1.59
"Brandon Dickson","STL","RP",10,8,0,0,0,39,2,2,46,21,7,26,12,4.84,1.44
"Chuckie Fick","STL","P",30,1,1,0,0,40,2,2,46,21,6,24,20,4.78,1.65
"Samuel Freeman","STL","P",47,0,0,0,0,50,3,3,48,23,5,40,27,4.18,1.51
"Adam Reifer","STL","P",22,0,0,0,0,23,1,1,24,12,3,17,10,4.56,1.49
"Eduardo Sanchez","STL","RP",29,0,1,1,4,27,2,2,22,13,3,26,18,4.38,1.48
"Jonathan Albaladejo","MIA","RP",28,0,0,0,0,21,1,1,19,10,3,20,10,4.34,1.43
"Zach Kroenke","MIL","RP",30,15,0,0,0,55,3,3,66,33,7,29,23,5.42,1.61
"Joe Martinez","CLE","RP",20,14,0,0,0,68,3,5,93,40,8,39,25,5.28,1.73
"Joe Paterson","ARI","RP",38,0,0,0,4,29,1,2,32,16,4,24,14,4.83,1.56
"Bryan Shaw","CLE","RP",55,1,1,1,8,55,2,3,57,24,5,40,21,3.93,1.43
"Mike Zagurski","PIT","RP",35,0,0,0,3,29,1,1,27,14,3,28,15,4.45,1.44
"Rex Brothers","COL","RP",67,0,1,4,14,59,4,2,53,25,6,73,33,3.75,1.46
"Edwar Cabrera","COL","P",17,17,0,0,0,72,3,6,91,50,21,61,32,6.24,1.72
"Tyler Chatwood","COL","SP,RP",19,16,0,0,0,86,4,6,101,50,12,53,44,5.21,1.7
"Edgmer Escalona","COL","RP",36,0,0,0,2,39,2,2,40,21,7,33,15,4.75,1.4
"Christian Friedrich","COL","SP",16,15,0,0,0,83,4,6,97,48,13,66,30,5.19,1.53
"Drew Pomeranz","COL","SP",26,26,0,0,0,135,7,9,140,71,15,114,61,4.72,1.49
"Josh Roenicke","MIN","RP",43,0,0,1,4,55,3,2,55,26,6,37,27,4.26,1.49
"Alex White","HOU","SP",22,19,0,0,0,112,5,8,121,61,14,76,51,4.9,1.53
"Rubby De La Rosa","BOS","RP",10,7,0,0,0,43,3,3,42,20,5,39,23,4.23,1.51
"Scott Elbert","LAD","RP",40,1,1,0,7,36,1,2,31,14,3,35,17,3.46,1.32
"Stephen Fife","LAD","P",15,13,0,0,0,67,3,5,78,36,8,40,30,4.8,1.62
"Javy Guerra","LAD","RP",40,0,3,2,3,38,2,2,36,14,3,32,18,3.37,1.4
"Josh Lindblom","TEX","RP",56,0,0,2,10,58,3,3,55,28,9,54,26,4.31,1.41
"Mike MacDougal","WSH","RP",43,0,0,1,5,33,2,2,37,17,3,23,20,4.66,1.72
"Josh Wall","LAD","P",30,1,0,0,0,32,2,2,35,18,5,25,16,5.06,1.59
"Chris Withrow","LAD","P",17,12,0,0,0,66,3,5,69,38,7,57,49,5.16,1.77
"Anthony Bass","SD","SP,RP",36,13,0,0,2,102,5,5,98,45,11,78,39,4.01,1.35
"Brad Brach","SD","RP",63,0,0,0,9,57,3,3,48,23,6,64,24,3.64,1.26
"Erik Hamren","SD","RP",58,0,0,0,0,37,2,2,36,15,3,35,22,3.76,1.56
"Josh Spence","NYY","RP",34,2,0,1,4,35,2,2,35,18,5,28,17,4.69,1.51
"Hector Correa","SF","P",29,1,0,0,0,46,2,4,47,25,6,39,27,4.85,1.6
"Steve Edlefsen","SF","RP",37,0,0,0,0,35,2,2,38,19,4,24,20,4.82,1.65
"Eric Surkamp","SF","SP",13,13,0,0,0,64,4,4,64,27,4,53,27,3.8,1.43
"Luis Ayala","BAL","RP",57,0,0,2,9,63,3,3,67,25,6,43,17,3.59,1.34
"Yoshinori Tateyama","TEX","RP",29,0,0,0,2,33,2,1,32,17,5,32,9,4.72,1.25
"Cody Eppley","NYY","RP",52,0,0,0,5,46,2,2,47,20,4,35,19,3.99,1.43
"Wilmer Font","TEX","RP",25,7,0,0,0,38,1,3,44,27,7,36,28,6.41,1.9
"Steve Johnson","BAL","SP,RP",24,13,0,0,4,75,3,5,74,40,15,62,37,4.86,1.49
"Allen Webster","BOS","SP",29,25,0,0,0,137,7,9,180,78,11,92,74,5.1,1.86
"Adam Warren","NYY","SP",17,15,0,0,0,70,4,4,84,41,9,42,29,5.25,1.61
"Jose Valdez","HOU","RP",24,0,0,0,2,23,1,1,27,13,3,22,15,5.16,1.81
"Jake Odorizzi","TB","SP",16,16,0,0,0,76,4,6,81,39,14,55,34,4.69,1.51
"Sam Dyson","TOR","RP",21,3,0,0,0,25,1,1,29,13,2,11,10,4.76,1.59
"Drew Hutchison","TOR","SP",9,9,0,0,0,47,3,3,52,24,8,37,16,4.68,1.47
"Chad Jenkins","TOR","SP,RP",18,12,0,0,1,62,3,5,83,39,13,30,21,5.71,1.68
"Aaron Loup","TOR","RP",43,0,0,1,6,43,1,2,47,20,4,30,13,4.16,1.38
"Brian Omogrosso","CWS","RP",20,0,0,0,0,25,1,1,27,13,3,21,12,4.64,1.56
"Leyson Septimo","CWS","RP",29,0,0,0,0,25,1,2,23,17,4,24,24,6,1.86
"Cody Allen","CLE","RP",35,0,0,1,2,42,2,2,42,19,4,40,19,3.99,1.43
"Scott Barnes","CLE","RP",17,7,0,0,0,44,2,3,46,24,6,36,21,4.88,1.51
"Darin Downs","DET","RP",26,2,0,0,1,38,2,2,41,18,4,30,15,4.29,1.48
"Luke Putkonen","DET","RP",19,6,0,1,0,45,2,4,61,29,7,23,21,5.84,1.83
"Francisley Bueno","KC","RP",28,1,0,0,2,36,2,2,37,15,4,23,12,3.85,1.35
"John Lamb","KC","SP",16,9,0,0,0,46,2,3,56,24,5,32,21,4.68,1.66
"Will Smith","KC","SP",14,13,0,0,0,83,5,7,103,47,13,51,30,5.1,1.6
"Cole De Vries","MIN","SP",24,13,0,0,0,97,5,7,104,48,14,62,24,4.46,1.32
"Tim Wood","MIN","RP",49,0,0,1,1,42,2,3,44,21,4,29,20,4.48,1.52
"Steven Geltz","LAA","RP",30,0,0,0,0,25,1,1,24,12,3,25,13,4.27,1.45
"Nick Maronde","LAA","RP",14,5,0,0,1,28,1,1,27,13,3,19,10,4.15,1.33
"Andrew Taylor","LAA","RP",30,5,0,0,0,39,2,3,48,26,5,23,26,6.01,1.91
"Travis Blackley","OAK","SP,RP",24,11,0,0,0,86,5,4,84,40,10,60,28,4.16,1.31
"Evan Scribner","OAK","RP",41,0,0,0,1,44,2,2,43,19,4,37,16,3.9,1.33
"Andrew Werner","OAK","SP",12,12,0,0,0,53,2,4,67,31,9,36,18,5.32,1.63
"Carter Capps","SEA","RP",46,0,1,0,7,52,2,2,49,20,4,58,22,3.53,1.35
"Josh Kinney","SEA","RP",41,0,0,0,4,48,2,2,46,21,4,44,20,3.99,1.37
"Stephen Pryor","SEA","RP",46,0,1,0,11,46,3,2,42,21,5,49,27,4.15,1.5
"Cory Burns","TEX","RP",33,0,0,0,0,33,1,2,37,16,3,31,13,4.36,1.53
"Justin Grimm","TEX","P,RP,SP",15,13,0,0,0,66,3,5,83,40,9,44,24,5.46,1.63
"Tommy Hottovy","TOR","RP",43,0,0,0,2,40,2,2,45,23,7,29,19,5.24,1.62
"A.J. Ramos","MIA","RP",48,0,0,1,2,43,2,2,38,19,4,48,21,4.06,1.39
"Greg Burke","NYM","RP",42,0,0,0,3,50,2,2,51,23,5,38,21,4.25,1.45
"Collin McHugh","NYM","SP",16,12,0,0,0,64,3,5,70,34,9,52,28,4.87,1.54
"Elvin Ramirez","NYM","RP",40,0,0,0,0,43,2,2,42,23,3,40,33,4.72,1.76
"Tyler Cloyd","PHI","SP",22,19,0,0,0,103,5,6,108,51,16,75,29,4.44,1.33
"B.J. Rosenberg","PHI","RP",26,2,0,0,2,35,2,2,32,19,5,31,17,4.99,1.41
"Raul Valdes","PHI","RP",36,1,0,1,3,47,3,2,42,19,6,48,13,3.67,1.17
"Christian Garcia","WSH","RP",36,0,0,0,5,36,2,1,31,14,3,37,12,3.5,1.2
"Eric Stults","SD","SP,RP",29,19,0,0,0,127,7,7,128,58,13,81,41,4.12,1.33
"Hector Ambriz","HOU","RP",42,0,1,0,3,48,2,2,52,25,6,41,24,4.7,1.58
"Dale Thayer","SD","RP",61,0,2,1,10,56,3,3,54,22,5,44,15,3.59,1.24
"Xavier Cedeno","HOU","RP",55,2,1,1,8,51,2,2,54,25,6,48,23,4.35,1.49
"Rich Hill","CLE","RP",29,0,0,0,6,25,1,1,22,9,1,26,13,3.15,1.39
"Jamey Wright","TB","RP",40,0,0,2,6,50,2,2,50,22,4,35,22,3.92,1.44
"Sam Freeman","STL","RP",33,0,0,0,1,31,1,2,29,17,3,25,16,4.95,1.46
"Joe Kelly","STL","SP,RP",26,17,0,0,0,111,6,6,117,51,10,78,44,4.12,1.45
"Jim Miller","NYY","RP",32,0,0,0,0,39,2,2,39,20,6,31,17,4.67,1.46
"Miguel Batista","COL","SP,RP",28,4,0,0,2,51,2,2,54,28,6,34,29,4.93,1.61
"Chris Rusin","CHC","SP",13,12,0,0,0,61,3,5,69,35,7,40,22,5.1,1.49
"Dallas Keuchel","HOU","SP",19,19,0,0,0,107,5,8,122,59,13,53,39,4.99,1.5
"Jamie Moyer","TOR","SP",12,11,0,0,0,60,4,6,70,38,12,35,16,5.7,1.43
