"Name","PA","AB","H","2B","3B","HR","R","RBI","BB","SO","HBP","SB","CS","AVG","OBP","SLG","OPS","wOBA","playerid"
"Jose Bautista","614","505","142","23","1","40","106","99","103","103","6","8","3",".281",".409",".568",".977",".418","1887"
"Prince Fielder","657","550","174","31","1","31","111","110","92","92","15","1","1",".316",".428",".545",".973",".413","4613"
"Miguel Cabrera","666","585","183","41","0","38","110","117","78","93","3","3","1",".313",".396",".578",".974",".408","1744"
"Joey Votto","688","560","169","51","1","25","115","104","122","125","6","8","4",".302",".432",".530",".962",".408","4314"
"Giancarlo Stanton","572","505","138","33","2","43","90","101","61","149","6","7","4",".273",".358",".602",".960",".401","4949"
"Robinson Cano","666","605","195","45","3","30","104","122","53","90","8","3","3",".322",".384",".555",".940",".400","3269"
"Buster Posey","589","520","167","36","1","23","94","96","66","89","3","2","2",".321",".401",".527",".928",".398","9166"
"Ryan Braun","650","580","176","36","4","36","102","114","61","114","9","26","6",".303",".378",".566",".944",".397","3410"
"Mike Trout","677","595","182","29","8","29","115","77","75","140","7","50","5",".306",".390",".528",".918",".394","10155"
"David Ortiz","554","475","139","36","0","28","91","99","78","86","1","1","1",".293",".394",".545",".939",".394","745"
"Troy Tulowitzki","549","490","151","28","4","25","85","96","55","68","4","7","4",".308",".383",".535",".917",".394","3531"
"Edwin Encarnacion","593","515","151","26","0","33","96","100","70","90","8","9","2",".293",".386",".536",".922",".393","2151"
"Evan Longoria","604","525","155","31","1","31","95","102","73","110","6","7","2",".295",".387",".535",".923",".392","9368"
"Josh Hamilton","592","535","157","31","3","35","91","109","53","137","4","7","2",".293",".361",".559",".920",".388","1875"
"Mike Napoli","532","455","121","19","2","31","83","85","69","144","8","2","1",".266",".372",".521",".893",".382","3057"
"Carlos Quentin","461","395","107","27","0","22","67","69","44","67","22","1","1",".271",".375",".506",".882",".382","6274"
"Andrew McCutchen","657","575","170","31","6","27","99","93","76","121","6","23","9",".296",".384",".511",".895",".381","9847"
"Albert Pujols","640","575","172","41","0","31","97","105","60","70","5","7","2",".299",".370",".532",".902",".380","1177"
"Matt Kemp","647","580","170","30","4","33","97","103","62","149","5","20","7",".293",".366",".529",".896",".380","5631"
"John Jaso","427","360","107","22","2","10","58","51","62","58","5","4","1",".297",".407",".453",".860",".379","5887"
"Bryce Harper","615","550","160","27","9","26","89","92","63","118","2","21","7",".291",".366",".515",".880",".379","11579"
"Lance Berkman","456","380","107","22","2","18","71","65","73","79","3","5","2",".282",".401",".492",".893",".379","548"
"Nolan Reimold","286","260","76","14","2","14","37","41","23","55","3","4","1",".292",".357",".523",".880",".379","3441"
"Adam Jones","601","560","173","31","3","27","86","101","30","108","11","12","5",".309",".356",".520",".876",".378","6368"
"Curtis Granderson","646","565","150","19","6","38","98","106","75","175","6","13","3",".265",".358",".522",".880",".377","4747"
"Adrian Beltre","560","525","162","32","1","28","82","104","30","70","5","2","0",".309",".352",".533",".885",".376","639"
"Ben Zobrist","638","545","155","38","6","19","96","90","90","107","3","16","5",".284",".389",".481",".869",".376","7435"
"Wilin Rosario","395","370","107","18","0","26","53","65","24","90","1","3","3",".289",".334",".549",".883",".376","8002"
"Yasmani Grandal","293","250","72","9","1","11","44","38","42","48","1","0","0",".288",".392",".464",".856",".375","11368"
"Josh Willingham","573","490","127","27","1","30","85","87","70","137","13","4","1",".259",".366",".502",".869",".375","2103"
"Allen Craig","557","515","155","38","0","24","83","75","41","98","1","4","1",".301",".354",".515",".868",".374","3433"
"Anthony Rizzo","600","540","161","26","1","25","89","88","54","103","6","7","4",".298",".368",".489",".857",".372","3473"
"Aramis Ramirez","576","525","152","38","2","25","83","99","41","75","10","4","2",".290",".352",".512",".865",".371","1002"
"Tyler Moore","247","225","61","13","0","15","32","36","21","65","1","4","0",".271",".336",".529",".865",".371","7244"
"Freddie Freeman","634","560","161","34","1","25","93","101","67","125","7","2","1",".288",".371",".486",".856",".371","5361"
"Billy Butler","665","600","182","37","1","25","98","107","60","100","5","2","1",".303",".371",".493",".865",".371","7399"
"Paul Konerko","594","525","152","23","0","26","89","92","62","87","7","0","0",".290",".372",".482",".854",".370","242"
"Yadier Molina","520","475","150","27","0","17","75","78","41","50","4","8","4",".316",".375",".480",".855",".370","7007"
"Brandon Moss","466","420","110","27","0","29","66","79","41","137","5","1","2",".262",".335",".533",".868",".370","4467"
"Carlos Gonzalez","600","540","155","32","5","26","88","96","56","118","4","21","6",".287",".358",".509",".868",".368","7287"
"Carlos Santana","620","520","139","30","2","21","91","78","97","108","3","5","3",".267",".385",".454",".839",".368","2396"
"Matt Holliday","640","560","156","37","1","24","93","97","71","119","9","5","2",".279",".369",".477",".846",".367","1873"
"Dustin Pedroia","590","530","162","35","3","15","86","90","56","60","4","19","5",".306",".376",".468",".844",".366","8370"
"Paul Goldschmidt","588","520","145","43","1","21","83","85","64","133","4","16","2",".279",".362",".487",".849",".366","9218"
"Ike Davis","570","505","135","27","0","30","83","87","64","132","1","1","1",".267",".351",".499",".850",".366","8433"
"Chris Carter","568","485","117","24","0","33","83","80","83","182","0","1","0",".241",".352",".495",".847",".366","9911"
"Mark Teixeira","596","520","136","28","1","29","88","101","67","98","9","3","1",".262",".356",".487",".842",".365","1281"
"Rob Brantly","359","315","91","26","0","11","48","46","44","46","0","3","3",".289",".376",".476",".852",".365","10655"
"Carlos Ruiz","413","365","108","27","0","12","59","58","36","48","12","2","1",".296",".378",".468",".846",".365","2579"
"Carlos Beltran","570","505","144","28","2","24","84","85","63","109","2","11","2",".285",".367",".491",".858",".364","589"
"Joe Mauer","598","515","156","30","3","10","89","74","80","76","3","5","2",".303",".400",".431",".831",".364","1857"
"Yoenis Cespedes","564","510","143","26","5","25","79","85","47","105","7","16","4",".280",".349",".498",".847",".363","13110"
"Jay Bruce","636","565","148","32","4","34","92","101","67","150","4","7","5",".262",".344",".513",".858",".363","9892"
"Chase Utley","528","450","125","22","4","16","77","70","60","64","18","14","1",".278",".384",".451",".836",".363","1679"
"Nick Markakis","633","570","174","35","3","15","90","85","58","71","5","4","2",".305",".374",".456",".831",".362","5930"
"Kevin Youkilis","485","415","111","20","2","17","64","62","55","101","15","1","0",".267",".373",".448",".821",".361","1935"
"Nick Swisher","569","490","129","30","0","22","82","79","75","126","4","2","2",".263",".366",".459",".825",".360","4599"
"Michael Cuddyer","531","485","140","34","3","18","73","81","44","97","2","10","2",".289",".350",".482",".833",".360","1534"
"Russell Martin","435","380","106","16","0","16","57","50","49","81","6","5","2",".279",".370",".447",".817",".360","4616"
"Jason Heyward","609","540","144","28","5","26","89","75","66","126","3","18","7",".267",".350",".481",".831",".360","4940"
"Logan Morrison","571","505","139","28","4","21","81","84","60","100","6","1","1",".275",".359",".471",".830",".359","9205"
"Ian Kinsler","670","595","167","36","4","21","103","64","66","79","9","23","4",".281",".361",".461",".822",".359","6195"
"Will Middlebrooks","537","505","143","27","0","29","70","86","26","125","6","8","2",".283",".326",".509",".835",".359","7002"
"Corey Hart","392","355","96","21","3","18","54","61","31","92","6","4","2",".270",".339",".499",".838",".358","1945"
"Ryan Zimmerman","561","505","145","30","1","21","80","79","54","98","2","4","1",".287",".358",".475",".834",".358","4220"
"Todd Helton","389","335","94","21","1","9","51","46","52","61","2","0","1",".281",".380",".430",".810",".358","432"
"Melky Cabrera","586","545","169","32","8","13","84","72","40","75","1","15","5",".310",".358",".470",".828",".357","4022"
"Andre Ethier","586","525","152","33","1","18","75","74","54","115","7","2","2",".290",".363",".459",".823",".356","6265"
"Josh Rutledge","530","505","149","38","9","16","71","72","18","91","7","14","0",".295",".328",".501",".829",".356","11167"
"Travis Hafner","354","305","81","13","1","13","46","45","40","72","9","0","0",".266",".367",".443",".810",".356","1573"
"Dayan Viciedo","494","460","132","17","1","24","63","71","28","100","6","1","1",".287",".336",".485",".821",".355","3917"
"David Freese","538","480","138","24","1","17","69","69","51","115","7","2","2",".288",".364",".448",".812",".355","9549"
"Norichika Aoki","561","505","152","31","4","10","85","55","43","54","13","26","7",".301",".371",".438",".808",".355","13075"
"Victor Martinez","481","440","133","29","0","12","66","68","40","45","1","0","0",".302",".362",".450",".812",".355","393"
"Pablo Sandoval","591","540","156","34","3","20","82","85","50","78","1","2","2",".289",".350",".474",".824",".355","5409"
"Matt Wieters","575","515","143","27","1","22","80","77","57","102","3","2","0",".278",".353",".462",".815",".353","4298"
"Ryan Ludwick","517","465","126","26","1","22","73","81","47","111","5","1","1",".271",".344",".473",".817",".353","1260"
"Jim Thome","274","235","59","11","0","13","40","36","38","83","1","0","0",".251",".358",".464",".821",".353","409"
"Trevor Plouffe","501","455","122","22","1","24","61","66","41","101","5","2","3",".268",".335",".479",".814",".353","7462"
"David Murphy","503","450","130","25","3","14","71","71","50","75","3","10","4",".289",".364",".451",".815",".353","6035"
"Logan Forsythe","455","410","126","18","4","7","65","47","37","75","8","10","3",".307",".376",".422",".798",".353","7185"
"Aaron Hill","578","530","151","34","4","20","79","85","43","76","5","12","5",".285",".344",".477",".822",".352","6104"
"Michael Morse","476","445","126","22","1","22","63","71","24","108","7","1","1",".283",".330",".485",".815",".352","3035"
"Justin Upton","621","550","149","29","4","22","87","89","63","121","8","18","8",".271",".354",".458",".812",".352","5222"
"Garrett Jones","500","460","126","28","2","22","68","75","39","104","1","3","1",".274",".332",".487",".819",".352","2714"
"Brett Lawrie","582","535","158","29","4","16","79","83","41","87","6","19","8",".295",".352",".454",".806",".352","5247"
"Dexter Fowler","606","525","140","26","14","12","92","54","79","141","2","14","7",".267",".365",".438",".803",".352","4062"
"Erik Kratz","208","190","50","12","0","11","25","30","15","46","3","0","0",".263",".327",".500",".827",".351","4403"
"Adrian Gonzalez","647","585","165","41","1","21","89","96","57","107","5","1","0",".282",".351",".463",".814",".351","1908"
"Chase Headley","611","535","142","29","2","21","85","78","73","134","3","15","4",".265",".357",".445",".802",".351","4720"
"Adam Dunn","596","500","114","20","0","30","87","77","93","206","3","1","1",".228",".352",".448",".800",".350","319"
"Jonathan Lucroy","443","410","121","19","3","14","60","65","29","69","4","4","2",".295",".348",".459",".806",".350","7870"
"Jacoby Ellsbury","572","530","158","33","2","15","86","58","38","75","4","31","7",".298",".350",".453",".802",".350","4727"
"Jose Reyes","606","555","168","31","12","9","91","58","51","49","0","34","9",".303",".361",".450",".812",".350","1736"
"Kendrys Morales","505","470","132","25","1","22","66","69","31","109","4","0","1",".281",".331",".479",".809",".349","8610"
"Todd Frazier","530","485","127","29","6","23","65","77","41","116","4","4","2",".262",".325",".489",".813",".349","785"
"David Cooper","168","160","48","13","0","5","20","24","7","26","1","0","1",".300",".333",".475",".808",".349","7752"
"David Wright","641","560","152","37","2","20","90","82","78","122","3","17","6",".271",".363",".452",".815",".349","3787"
"Domonic Brown","384","340","96","20","3","9","48","47","42","63","2","3","1",".282",".365",".438",".803",".349","3154"
"Nelson Cruz","512","470","126","33","1","22","63","74","39","113","3","9","3",".268",".328",".483",".811",".349","2434"
"Josh Reddick","612","560","150","29","5","28","82","91","50","132","2","8","2",".268",".330",".488",".818",".349","3892"
"Adam LaRoche","592","530","139","31","1","26","82","87","62","135","0","1","1",".262",".340",".472",".811",".349","1904"
"Matt Joyce","550","480","124","26","3","20","76","74","64","118","6","7","3",".258",".353",".450",".803",".349","3353"
"Jason Kubel","529","475","123","27","3","24","67","71","52","131","2","1","1",".259",".335",".480",".815",".349","2161"
"Mark Reynolds","591","505","116","26","1","29","75","71","79","183","7","5","2",".230",".342",".457",".799",".348","7619"
"Jason Castro","372","330","96","19","2","7","46","41","41","75","1","0","0",".291",".371",".424",".795",".348","8722"
"Seth Smith","407","360","96","22","4","13","50","51","43","83","4","4","1",".267",".351",".458",".810",".348","7331"
"Justin Morneau","518","465","131","26","1","17","71","69","48","92","5","0","0",".282",".355",".452",".807",".348","1737"
"Jonny Gomes","455","390","94","15","1","21","58","57","55","134","10","5","2",".241",".349",".446",".796",".348","1845"
"Martin Prado","610","560","169","35","4","11","86","68","48","63","2","9","6",".302",".359",".438",".797",".348","3312"
"A.J. Pierzynski","405","380","112","18","2","15","49","58","20","50","5","0","0",".295",".338",".471",".809",".348","746"
"Alex Avila","522","445","113","27","3","14","64","59","74","122","3","2","1",".254",".364",".422",".786",".347","7476"
"Jason Kipnis","607","540","154","22","4","15","87","63","62","100","5","25","5",".285",".364",".424",".788",".347","9776"
"Jed Lowrie","589","525","140","27","2","21","83","65","61","99","3","2","1",".267",".346",".446",".792",".347","4418"
"Brandon Phillips","601","560","167","30","2","17","84","73","33","77","8","12","5",".298",".346",".450",".796",".346","791"
"Ryan Howard","547","485","126","23","1","26","77","83","55","165","7","1","0",".260",".344",".472",".816",".346","2154"
"Andy Dirks","345","320","93","18","4","9","42","47","22","53","3","3","2",".291",".342",".456",".798",".345","6453"
"Jose Altuve","614","570","177","33","4","8","90","51","38","69","6","33","11",".311",".360",".425",".784",".344","5417"
"Alex Rodriguez","171","150","40","6","0","6","24","23","18","35","3","3","0",".267",".357",".427",".783",".344","1274"
"Shin-Soo Choo","626","545","143","35","3","15","93","54","69","136","12","19","6",".262",".358",".420",".778",".344","3174"
"Hanley Ramirez","629","565","154","28","3","21","84","83","58","117","6","24","8",".273",".347",".444",".791",".344","8001"
"Alex Gordon","629","560","151","42","4","15","84","84","65","125","4","11","5",".270",".350",".439",".789",".344","5209"
"Scott Hairston","299","280","74","17","2","14","36","42","17","63","2","5","1",".264",".311",".489",".800",".344","1926"
"Jon Jay","557","505","153","26","4","7","66","66","38","82","14","13","9",".303",".368",".412",".780",".343","5227"
"John Mayberry","338","310","87","17","0","12","41","44","26","76","2","4","2",".281",".340",".452",".792",".343","3390"
"A.J. Pollock","156","140","39","7","2","4","23","15","16","18","0","2","4",".279",".353",".443",".795",".343","9256"
"Eric Chavez","193","175","49","8","0","7","24","24","18","40","0","0","0",".280",".347",".446",".793",".343","906"
"Rickie Weeks","602","525","134","26","3","20","85","65","65","146","12","12","3",".255",".350",".430",".781",".343","1849"
"Chris Young","329","290","72","20","1","12","45","36","37","72","2","9","3",".248",".337",".448",".786",".343","3882"
"Lucas Duda","569","500","131","23","1","19","77","69","62","134","7","1","0",".262",".351",".426",".777",".343","2502"
"Eric Hosmer","613","555","158","25","2","18","75","76","56","88","2","16","3",".285",".352",".434",".787",".343","3516"
"Dan Uggla","603","515","125","25","0","23","76","71","80","153","8","3","2",".243",".353",".425",".778",".342","3442"
"Darin Ruf","257","240","62","17","2","14","31","41","17","71","0","0","0",".258",".307",".521",".828",".342","9929"
"Jeff Keppinger","465","435","137","19","1","8","65","51","27","33","3","1","1",".315",".359",".418",".778",".342","3856"
"Alex Presley","297","280","81","12","6","8","42","27","15","56","2","9","5",".289",".330",".461",".791",".342","5305"
"Derek Jeter","525","485","150","22","1","9","74","60","36","68","4","8","3",".309",".362",".414",".776",".342","826"
"Asdrubal Cabrera","616","560","157","33","2","17","82","82","49","100","7","11","4",".280",".346",".438",".783",".341","4962"
"Chris Iannetta","370","315","77","11","1","13","46","40","51","83","4","3","3",".244",".357",".410",".766",".341","8267"
"Andrelton Simmons","580","535","159","27","6","11","85","54","42","62","3","4","0",".297",".352",".432",".784",".341","10847"
"Daniel Murphy","588","550","171","39","3","7","80","63","36","73","2","7","4",".311",".355",".431",".786",".341","4316"
"Elvis Andrus","647","585","180","27","7","3","91","66","57","82","5","29","10",".308",".374",".393",".767",".341","8709"
"Chris Denorfia","207","190","55","9","3","4","24","25","16","30","1","6","3",".289",".348",".432",".779",".341","4400"
"Adam Eaton","523","460","127","19","6","9","77","46","47","85","16","23","10",".276",".363",".402",".765",".341","11205"
"Chris Davis","564","520","136","22","0","30","69","75","38","168","6","3","2",".262",".319",".477",".796",".341","9272"
"Scott Rolen","326","295","81","19","2","8","38","39","27","55","4","1","1",".275",".344",".434",".777",".341","970"
"Jarrod Saltalamacchia","361","330","82","16","1","19","44","51","30","110","1","0","1",".248",".313",".476",".789",".340","5557"
"Alejandro De Aza","611","550","156","32","7","10","89","54","52","114","9","30","13",".284",".355",".422",".777",".340","3371"
"Brian McCann","453","405","108","15","0","19","57","58","46","73","2","3","1",".267",".344",".444",".789",".340","4810"
"Miguel Montero","542","470","121","27","2","15","74","70","62","114","10","0","1",".257",".356",".419",".775",".340","3364"
"Carlos Pena","531","440","97","17","2","21","73","57","82","156","9","2","2",".220",".354",".411",".765",".340","934"
"Mark Trumbo","572","535","140","22","2","31","75","88","33","139","4","5","4",".262",".309",".484",".794",".340","6876"
"Raul Ibanez","317","290","78","16","2","12","37","38","25","55","2","1","1",".269",".331",".462",".793",".340","607"
"Brett Gardner","568","495","139","20","7","6","67","63","67","95","6","43","9",".281",".373",".386",".759",".340","9927"
"Alex Rios","560","530","153","28","5","18","72","84","26","80","4","18","6",".289",".327",".462",".789",".340","2090"
"Coco Crisp","552","505","145","27","7","10","80","49","47","70","0","40","7",".287",".348",".428",".776",".339","1572"
"Yonder Alonso","617","550","157","39","0","11","83","75","64","101","3","2","0",".285",".363",".416",".779",".339","2530"
"A.J. Ellis","422","360","96","16","1","10","52","43","56","89","6","0","1",".267",".374",".400",".774",".339","5677"
"Neil Walker","606","550","154","32","2","15","83","61","53","112","3","7","5",".280",".347",".427",".774",".339","7539"
"Hunter Pence","620","565","153","27","4","21","82","83","51","124","4","6","3",".271",".335",".444",".780",".339","8252"
"Justin Ruggiano","498","455","116","33","1","20","64","70","43","131","0","17","9",".255",".319",".464",".783",".339","7620"
"Jimmy Rollins","633","575","158","27","4","19","93","58","57","78","1","26","4",".275",".341",".435",".776",".338","971"
"Chris Nelson","350","325","95","19","3","8","41","45","24","75","1","4","1",".292",".343",".443",".786",".338","8175"
"Kyle Seager","599","550","152","34","1","18","78","75","44","100","5","11","4",".276",".336",".440",".776",".338","9785"
"Michael Young","581","545","169","28","3","9","76","78","35","70","1","4","1",".310",".353",".422",".775",".338","1286"
"Andrew Brown","149","135","36","8","0","5","17","17","14","41","0","2","2",".267",".336",".437",".773",".338","3837"
"Martin Maldonado","282","260","73","10","0","10","34","35","20","62","2","1","1",".281",".337",".435",".771",".338","6887"
"Scott Moore","145","130","33","7","0","6","17","18","11","36","4","1","0",".254",".331",".446",".777",".338","4390"
"Salvador Perez","420","400","122","18","1","12","51","55","18","51","2","0","0",".305",".338",".445",".783",".338","7304"
"Mitch Moreland","440","405","112","21","0","17","53","58","33","84","2","2","1",".277",".334",".454",".788",".338","3086"
"Justin Maxwell","425","380","90","16","3","21","51","51","42","139","3","12","4",".237",".318",".461",".778",".338","6827"
"Carlos Lee","524","475","137","25","1","11","71","69","47","45","2","2","1",".288",".355",".415",".770",".338","243"
"Austin Jackson","671","600","161","29","11","14","97","59","68","157","3","18","6",".268",".346",".423",".769",".337","9848"
"Ryan Doumit","470","435","120","28","1","16","56","61","29","87","6","0","0",".276",".330",".455",".785",".337","2113"
"B.J. Upton","601","545","139","29","3","24","78","86","54","158","2","30","9",".255",".324",".451",".776",".337","5015"
"Alfonso Soriano","538","495","126","29","2","25","70","82","38","131","5","4","1",".255",".314",".473",".787",".337","847"
"Marco Scutaro","580","535","162","29","3","7","80","60","42","47","3","6","3",".303",".357",".407",".764",".337","1555"
"Starlin Castro","596","560","166","28","9","12","76","82","33","80","3","22","12",".296",".339",".443",".782",".337","4579"
"Jayson Werth","558","485","123","30","3","14","77","54","68","118","5","13","2",".254",".351",".414",".766",".337","1327"
"Carl Crawford","472","445","127","27","7","11","61","55","23","85","4","25","6",".285",".326",".452",".778",".337","1201"
"Shane Victorino","608","550","152","27","9","12","83","69","52","72","6","29","6",".276",".345",".424",".769",".337","1677"
"David DeJesus","565","500","136","26","7","9","82","45","56","90","9","6","5",".272",".356",".406",".762",".337","1825"
"Vernon Wells","203","190","51","8","1","9","24","28","12","29","1","2","1",".268",".315",".463",".778",".337","1326"
"Jordan Pacheco","411","390","122","25","2","5","55","48","18","49","3","4","1",".313",".348",".426",".774",".337","2677"
"Jesus Montero","571","535","158","22","0","18","69","67","34","97","2","0","2",".295",".340",".437",".777",".336","5514"
"Adam Lind","461","425","114","19","2","18","56","61","35","88","1","0","0",".268",".325",".449",".775",".336","8027"
"Mike Baxter","339","290","74","22","4","5","40","36","41","72","8","5","3",".255",".363",".410",".773",".336","4464"
"Darin Mastroianni","504","450","130","8","5","9","76","41","51","122","3","34","8",".289",".365",".389",".754",".336","7316"
"Alberto Callaspo","463","415","119","19","1","8","56","52","48","47","0","4","2",".287",".361",".395",".756",".335","3336"
"Pedro Alvarez","596","535","132","25","1","28","78","76","60","180","1","1","0",".247",".324",".454",".778",".335","2495"
"Roger Bernadina","161","145","41","7","0","4","19","18","15","32","1","9","2",".283",".354",".414",".768",".335","6421"
"Denard Span","587","535","158","32","6","4","85","47","51","66","1","16","5",".295",".358",".400",".758",".335","8347"
"Luke Scott","297","270","67","17","1","13","35","40","24","68","3","3","1",".248",".316",".463",".779",".334","3469"
"Lorenzo Cain","487","450","126","20","4","13","69","44","31","108","6","14","1",".280",".335",".429",".764",".334","9077"
"Lonnie Chisenhall","450","425","120","21","2","15","51","57","22","83","3","5","2",".282",".322",".447",".769",".334","7571"
"Eduardo Nunez","290","270","81","14","2","4","34","37","19","32","1","26","5",".300",".348",".411",".759",".334","6848"
"Torii Hunter","589","535","145","25","1","18","81","65","47","125","7","7","3",".271",".338",".422",".760",".334","731"
"Jose Tabata","389","350","100","20","3","4","56","29","34","57","5","15","9",".286",".357",".394",".752",".334","2411"
"Cody Ross","507","460","118","30","1","18","59","63","43","119","4","4","1",".257",".325",".443",".769",".333","1760"
"Jesus Guzman","265","240","63","17","2","7","31","32","24","54","1","4","2",".263",".332",".438",".770",".333","3118"
"Matt Carpenter","254","225","58","17","4","4","34","27","27","47","2","1","1",".258",".343",".422",".765",".333","8090"
"Angel Pagan","558","515","148","30","10","7","79","49","43","80","0","24","6",".287",".342",".425",".768",".333","2918"
"Dan Johnson","210","180","44","5","0","8","27","27","29","41","1","0","0",".244",".352",".406",".758",".332","2167"
"Brandon Belt","565","495","128","30","6","11","68","63","66","124","4","14","4",".259",".350",".410",".761",".332","10264"
"Daniel Nava","176","150","37","12","0","3","24","17","21","36","5","1","0",".247",".358",".387",".745",".332","5450"
"Tyler Colvin","287","270","67","16","6","12","32","42","16","74","1","3","1",".248",".293",".485",".778",".332","5310"
"Wilson Ramos","391","350","91","17","1","14","46","45","40","69","1","0","0",".260",".338",".434",".772",".332","1433"
"Scott Sizemore","436","380","95","22","1","11","51","46","54","113","2","0","0",".250",".346",".400",".746",".331","2881"
"Michael Brantley","564","515","153","32","4","6","66","65","48","60","1","13","7",".297",".358",".410",".768",".331","4106"
"Fernando Martinez","422","385","91","24","3","19","53","46","21","103","16","2","2",".236",".303",".462",".766",".331","9210"
"Leonys Martin","301","280","77","20","2","7","33","31","21","63","0","4","3",".275",".326",".436",".761",".331","11846"
"Jerry Hairston","249","225","64","12","1","4","29","28","21","28","3","2","1",".284",".353",".400",".753",".331","144"
"Ian Desmond","603","565","152","33","3","21","69","78","34","124","4","21","7",".269",".315",".450",".765",".331","6885"
"Eric Young","273","245","69","8","3","4","31","30","23","44","5","23","3",".282",".355",".388",".743",".331","7158"
"Tyler Flowers","362","320","73","14","1","17","42","43","33","124","9","2","2",".228",".318",".438",".755",".331","9134"
"Omar Infante","546","520","155","25","6","10","60","70","25","62","1","10","4",".298",".332",".427",".758",".330","1609"
"Yunel Escobar","564","515","151","21","1","9","77","57","44","66","5","3","2",".293",".355",".390",".745",".330","4191"
"Mike Olt","218","195","46","11","1","9","26","28","23","68","0","2","1",".236",".317",".441",".758",".330","10698"
"Johnny Damon","138","125","34","6","1","3","16","15","12","19","1","2","0",".272",".341",".408",".749",".330","185"
"Mike Carp","140","125","33","6","0","4","17","16","13","34","2","0","0",".264",".343",".408",".751",".330","7480"
"Will Venable","422","380","99","20","7","9","48","49","37","94","5","22","5",".261",".334",".421",".755",".329","211"
"Gerardo Parra","301","275","78","14","3","5","35","35","24","52","2","9","4",".284",".346",".411",".756",".329","8553"
"Casey Kotchman","125","115","33","4","0","3","15","14","8","13","2","0","0",".287",".344",".400",".744",".329","1930"
"Ruben Tejada","573","525","162","29","0","1","83","42","41","76","7","6","4",".309",".366",".370",".736",".329","5519"
"Erick Aybar","562","530","155","30","6","9","73","63","27","65","5","20","6",".292",".333",".423",".755",".329","4082"
"Desmond Jennings","596","535","138","20","8","16","84","51","54","125","7","41","8",".258",".334",".415",".749",".329","1965"
"Justin Turner","263","240","69","17","1","2","29","29","18","33","5","2","1",".288",".350",".392",".741",".329","5235"
"Jordany Valdespin","256","240","62","12","1","11","29","33","13","54","3","12","4",".258",".305",".454",".759",".328","5098"
"David Ross","277","250","62","12","0","11","33","35","27","86","0","0","1",".248",".321",".428",".749",".328","1551"
"Wil Myers","304","280","69","16","1","13","35","40","24","96","0","3","2",".246",".306",".450",".756",".327","sa501214"
"Nate Schierholtz","410","375","102","18","5","9","54","43","32","70","3","5","4",".272",".334",".419",".753",".327","6201"
"Josh Donaldson","225","210","57","12","0","7","26","28","11","46","4","3","1",".271",".320",".429",".749",".327","5038"
"Starling Marte","475","445","117","8","16","14","63","42","22","126","8","35","14",".263",".309",".447",".757",".327","9241"
"Michael Saunders","447","410","105","23","2","15","49","49","36","110","1","15","4",".256",".318",".432",".749",".327","9981"
"Michael McKenry","197","175","42","11","0","7","22","21","20","51","2","0","0",".240",".325",".423",".748",".327","9628"
"Kelly Johnson","441","390","96","17","3","14","52","51","48","118","3","8","3",".246",".333",".413",".746",".326","2234"
"Ramon Hernandez","258","240","68","12","0","7","31","33","15","38","3","0","1",".283",".333",".421",".754",".326","918"
"Sam Fuld","193","175","50","8","3","1","21","21","17","27","1","9","3",".286",".352",".383",".735",".326","8254"
"James Loney","393","365","110","19","0","6","46","46","28","45","0","2","1",".301",".351",".403",".754",".326","4556"
"Kevin Frandsen","198","185","55","10","2","2","22","24","9","17","4","1","0",".297",".343",".405",".749",".326","7528"
"Ben Francisco","215","195","51","12","1","5","24","25","18","43","2","2","1",".262",".330",".410",".740",".326","4677"
"Geovany Soto","224","200","51","9","0","7","26","26","22","51","2","0","0",".255",".335",".405",".740",".326","3707"
"Dave Sappelt","175","160","44","13","0","3","20","20","14","22","1","0","0",".275",".337",".413",".750",".325","6898"
"Jhonny Peralta","569","520","139","29","3","14","65","69","47","102","2","1","1",".267",".330",".415",".746",".325","1738"
"Brett Wallace","472","425","110","22","1","13","59","54","38","127","9","0","0",".259",".333",".407",".740",".325","8434"
"Zack Cozart","567","535","147","31","4","15","62","73","29","105","3","3","0",".275",".316",".432",".747",".325","2616"
"Wilson Betemit","451","410","105","25","1","13","51","52","40","126","1","1","1",".256",".324",".417",".741",".325","1861"
"Ryan Wheeler","196","180","51","10","2","2","22","22","16","34","0","2","0",".283",".342",".394",".736",".325","9312"
"Francisco Cervelli","134","120","33","4","1","2","15","15","12","22","2","1","1",".275",".351",".375",".726",".324","5275"
"Nate McLouth","398","350","88","18","2","9","57","30","44","77","4","11","2",".251",".342",".391",".733",".324","3190"
"Rafael Furcal","471","430","123","18","3","6","67","38","39","56","2","12","4",".286",".348",".384",".732",".324","88"
"Stephen Drew","425","380","99","20","4","8","49","50","44","90","1","4","2",".261",".339",".397",".736",".324","4251"
"Colby Rasmus","552","500","124","21","5","20","65","68","48","128","4","5","3",".248",".319",".430",".749",".324","9893"
"Placido Polanco","468","435","133","19","0","4","63","45","30","38","3","1","0",".306",".355",".377",".732",".324","1176"
"Nick Punto","225","195","53","9","1","1","26","20","30","46","0","4","1",".272",".369",".344",".712",".324","1429"
"Aubrey Huff","265","235","60","13","1","6","34","31","29","40","1","1","0",".255",".340",".396",".735",".323","1213"
"Delmon Young","446","425","120","21","1","13","51","58","17","78","4","1","1",".282",".316",".428",".744",".323","2140"
"Ryan Hanigan","334","290","84","11","0","3","41","34","41","34","3","0","0",".290",".383",".359",".742",".323","4952"
"Eric Thames","123","115","30","6","1","4","13","14","7","33","1","1","0",".261",".309",".435",".744",".323","3711"
"J.J. Hardy","560","525","142","24","1","19","73","61","33","87","2","0","0",".270",".316",".429",".745",".322","3797"
"Lyle Overbay","208","185","47","13","0","5","24","25","22","47","1","0","0",".254",".337",".405",".742",".322","1617"
"Gaby Sanchez","278","250","65","14","0","7","32","29","26","45","2","1","0",".260",".335",".400",".735",".322","3361"
"J.D. Martinez","286","260","67","11","2","8","32","30","25","61","1","0","1",".258",".325",".408",".733",".322","6184"
"Howie Kendrick","554","520","145","30","4","11","62","69","29","107","5","13","5",".279",".323",".415",".738",".322","4229"
"Justin Smoak","537","480","119","18","0","19","62","55","55","111","2","1","0",".248",".328",".404",".732",".322","9054"
"Mark Ellis","454","415","117","21","1","6","63","35","33","70","6","6","2",".282",".344",".381",".724",".322","1443"
"Juan Rivera","194","180","50","8","0","5","25","26","13","24","1","1","1",".278",".330",".406",".735",".321","843"
"Mauro Gomez","265","245","65","12","5","5","29","34","20","62","0","0","0",".265",".321",".416",".737",".321","5342"
"Alcides Escobar","599","565","169","25","7","5","77","63","28","86","6","26","7",".299",".339",".395",".734",".321","6310"
"Chris Dickerson","235","210","51","6","2","8","27","26","24","68","1","22","5",".243",".323",".405",".728",".321","7095"
"Mark Kotsay","207","190","54","10","0","3","24","22","16","20","1","1","1",".284",".343",".384",".727",".321","1042"
"Chris Johnson","273","255","68","15","2","7","30","35","15","67","3","2","1",".267",".315",".424",".739",".320","1191"
"Gordon Beckham","581","530","140","25","0","15","65","65","42","97","9","5","4",".264",".329",".396",".725",".320","9015"
"Chris Heisey","178","165","43","7","2","5","20","22","10","40","3","3","1",".261",".315",".418",".733",".320","3978"
"Daniel Descalso","401","360","100","13","6","3","45","42","37","76","4","5","3",".278",".352",".372",".724",".320","8392"
"Brian Bogusevic","141","125","32","4","1","3","16","14","14","33","2","5","2",".256",".340",".376",".716",".320","4719"
"Darwin Barney","559","525","156","24","4","5","61","63","30","58","4","6","1",".297",".340",".387",".727",".320","2430"
"Alexei Ramirez","590","560","164","24","3","11","66","72","26","75","4","13","6",".293",".329",".405",".734",".320","5133"
"Donovan Solano","352","325","96","13","3","2","40","37","25","64","2","8","0",".295",".349",".372",".722",".320","8623"
"Hank Conger","244","220","58","8","0","6","28","26","21","37","3","0","0",".264",".336",".382",".718",".319","2505"
"Lou Marson","261","225","59","10","2","1","29","23","35","53","1","5","1",".262",".364",".338",".702",".319","7610"
"Ryan Roberts","278","250","65","11","0","7","32","30","27","52","1","6","3",".260",".335",".388",".723",".319","5653"
"Joaquin Arias","153","145","43","6","2","2","17","18","6","20","2","2","0",".297",".333",".407",".740",".319","3817"
"Juan Francisco","345","325","81","20","1","15","38","47","19","110","1","2","2",".249",".293",".455",".748",".319","6978"
"Ty Wigginton","277","250","64","11","0","8","35","34","25","60","2","1","1",".256",".329",".396",".725",".319","1491"
"Jurickson Profar","286","260","66","14","2","7","32","30","26","53","0","6","3",".254",".322",".404",".726",".319","10815"
"Carlos Gomez","465","435","108","20","5","18","51","62","23","104","7","31","8",".248",".297",".441",".738",".319","4881"
"Chris Getz","399","370","112","14","4","0","44","41","27","40","2","20","4",".303",".353",".362",".716",".319","3388"
"Jamey Carroll","380","340","99","12","2","0","51","32","38","49","2","6","2",".291",".366",".338",".704",".319","1591"
"Michael Bourn","683","615","166","27","10","6","95","52","65","146","3","47","11",".270",".343",".376",".718",".319","6387"
"Joe Benson","184","170","42","9","2","6","20","20","14","46","0","4","3",".247",".304",".429",".734",".319","2845"
"Brett Jackson","281","250","58","13","2","9","32","30","31","98","0","11","6",".232",".317",".408",".725",".319","9632"
"Jonathan Herrera","284","260","77","8","1","3","33","30","22","42","2","3","2",".296",".356",".369",".725",".318","4182"
"J.P. Arencibia","386","360","86","16","1","19","43","50","23","109","3","1","0",".239",".290",".447",".737",".318","697"
"Kevin Kouzmanoff","117","110","30","6","0","3","13","14","5","21","2","0","0",".273",".316",".409",".725",".318","5995"
"Derek Norris","139","125","31","5","1","4","15","15","13","37","1","3","1",".248",".324",".400",".724",".316","6867"
"Brett Pill","214","200","52","7","1","8","24","26","11","35","3","1","1",".260",".308",".425",".733",".316","5834"
"Dustin Ackley","636","575","154","23","4","12","89","46","61","118","0","11","2",".268",".338",".384",".722",".316","10099"
"Jason Bay","169","150","36","5","1","5","19","17","18","42","1","4","0",".240",".325",".387",".712",".316","1717"
"Gregor Blanco","324","285","73","10","4","4","36","31","38","74","1","16","5",".256",".346",".361",".707",".316","3123"
"Luis Cruz","385","370","105","25","0","8","41","47","12","44","3","2","1",".284",".312",".416",".728",".316","3188"
"Tyler Greene","471","435","111","21","3","14","51","51","32","133","4","21","3",".255",".312",".414",".726",".316","4675"
"Jemile Weeks","211","190","51","8","4","1","29","16","19","29","2","7","3",".268",".341",".368",".710",".316","2498"
"Alexi Amarista","192","180","49","10","3","3","20","22","12","25","0","4","2",".272",".318",".411",".729",".316","9063"
"Ichiro Suzuki","560","535","162","22","4","6","77","53","24","55","1","23","5",".303",".334",".393",".726",".315","1101"
"Andres Torres","284","250","62","14","4","3","31","28","32","66","2","10","3",".248",".338",".372",".710",".315","1488"
"Taylor Green","166","150","37","10","0","4","18","18","13","33","3","0","0",".247",".319",".393",".713",".315","9147"
"Yorvit Torrealba","227","210","58","10","0","4","25","25","16","40","1","1","1",".276",".330",".381",".711",".315","1135"
"Welington Castillo","333","300","74","20","0","9","37","37","30","88","3","0","0",".247",".321",".403",".725",".315","3256"
"Juan Pierre","484","450","135","12","5","1","67","38","28","32","6","32","10",".300",".349",".356",".705",".314","443"
"Skip Schumaker","274","250","71","13","2","1","36","25","23","41","1","1","1",".284",".347",".364",".711",".314","3704"
"Maicer Izturis","323","295","82","16","0","3","35","33","25","40","3","12","3",".278",".341",".363",".703",".314","2437"
"Reed Johnson","245","230","64","14","2","3","26","30","9","55","6","2","2",".278",".322",".396",".718",".314","1702"
"Laynce Nix","179","165","40","11","0","6","20","22","14","49","0","0","0",".242",".302",".418",".720",".314","1766"
"John Buck","386","340","80","14","1","12","44","40","42","96","4","0","0",".235",".326",".388",".715",".314","2041"
"Chris Parmelee","424","385","93","22","3","12","46","48","32","96","7","0","0",".242",".311",".408",".719",".314","2554"
"Jarrod Dyson","278","250","71","7","4","0","31","27","27","50","1","36","5",".284",".356",".344",".700",".314","4866"
"Emilio Bonifacio","542","490","137","14","7","3","60","54","51","106","1","42","11",".280",".349",".355",".704",".314","4054"
"Charlie Blackmon","169","160","45","9","0","3","18","20","6","21","3","4","2",".281",".320",".394",".713",".313","7859"
"Ryan Theriot","301","280","83","13","1","1","33","30","19","35","2","8","3",".296",".346",".361",".706",".313","3811"
"Brayan Pena","147","140","41","7","0","2","16","17","7","16","0","0","0",".293",".327",".386",".712",".313","3231"
"Trayvon Robinson","142","130","34","6","1","3","15","15","11","42","1","4","2",".262",".324",".392",".716",".313","9875"
"Chris Coghlan","171","155","42","8","1","2","19","18","15","26","1","3","2",".271",".339",".374",".713",".313","6878"
"Freddy Galvis","192","185","50","15","1","4","20","25","7","26","0","0","0",".270",".297",".427",".724",".313","6609"
"Danny Espinosa","550","495","116","30","2","17","60","61","43","149","12","14","5",".234",".311",".406",".717",".313","9219"
"Brennan Boesch","199","185","48","9","1","5","21","23","12","39","2","2","1",".259",".312",".400",".712",".312","914"
"Peter Bourjos","552","505","126","24","7","12","58","62","38","123","9","15","6",".250",".313",".396",".709",".312","2578"
"Cliff Pennington","535","490","132","23","3","7","58","55","43","101","2","17","7",".269",".331",".371",".702",".312","3395"
"Jeff Francoeur","468","435","113","24","2","13","50","56","27","89","6","7","4",".260",".312",".414",".726",".312","4792"
"Craig Gentry","298","270","74","13","3","1","31","30","17","49","11","18","4",".274",".342",".356",".698",".312","9571"
"Mike Aviles","299","285","78","15","1","7","31","35","13","43","1","8","3",".274",".308",".407",".715",".312","5986"
"Josh Harrison","206","195","55","9","3","2","21","22","7","27","4","5","2",".282",".320",".390",".710",".311","8202"
"Devin Mesoraco","288","260","66","13","0","8","33","33","27","49","1","1","1",".254",".326",".396",".723",".311","5666"
"Mat Gamel","368","340","93","11","4","5","41","41","23","81","5","8","0",".274",".329",".374",".702",".311","4034"
"Cameron Maybin","581","530","137","22","6","10","63","61","47","119","4","28","7",".258",".324",".379",".703",".310","5223"
"Gorkys Hernandez","193","175","45","2","3","4","21","20","15","46","3","8","2",".257",".326",".371",".698",".310","4146"
"Manny Machado","552","525","127","22","8","22","57","68","27","99","0","6","0",".242",".279",".440",".719",".309","11493"
"Luis Valbuena","309","275","69","18","0","4","35","30","34","57","0","1","2",".251",".333",".360",".693",".309","4969"
"Ian Stewart","339","300","71","10","3","10","39","36","36","81","3","4","3",".237",".324",".390",".714",".309","5950"
"Travis Snider","428","390","95","22","1","11","46","44","36","111","2","8","3",".244",".311",".390",".700",".309","2830"
"Ben Revere","586","550","166","13","6","0","75","46","33","53","3","43","11",".302",".345",".347",".692",".308","4712"
"Ezequiel Carrera","193","180","50","7","3","2","26","15","12","38","1","8","3",".278",".326",".383",".710",".308","9048"
"Orlando Hudson","330","300","78","9","6","4","42","30","29","62","1","9","2",".260",".327",".370",".697",".308","1307"
"Rajai Davis","289","270","73","15","2","4","38","24","16","57","3","28","7",".270",".318",".385",".704",".307","3708"
"Mike Moustakas","601","555","135","33","1","18","71","76","40","109","6","5","1",".243",".301",".404",".705",".306","4892"
"Jose Molina","306","280","70","11","0","8","33","33","23","68","3","2","1",".250",".314",".375",".689",".305","25"
"Brock Holt","192","180","52","6","3","0","20","18","12","37","0","0","0",".289",".333",".356",".689",".305","9345"
"Steve Lombardozzi","198","185","53","8","1","1","21","20","10","21","3","2","1",".286",".333",".357",".690",".305","5422"
"Steve Pearce","137","120","27","6","1","3","15","13","15","30","2","1","0",".225",".321",".367",".688",".305","9957"
"Billy Hamilton","221","200","49","11","6","1","28","17","21","59","0","24","9",".245",".317",".375",".692",".305","sa500815"
"Pedro Ciriaco","134","130","38","8","1","1","14","18","4","23","0","7","2",".292",".313",".392",".706",".305","5278"
"Ryan Sweeney","152","140","38","10","1","0","16","16","12","26","0","0","0",".271",".329",".357",".686",".305","6352"
"Brandon Guyer","183","180","49","7","1","6","19","22","3","35","0","0","0",".272",".284",".422",".706",".305","2636"
"Avisail Garcia","267","250","64","14","1","7","33","26","12","63","5","6","4",".256",".303",".404",".707",".304","5760"
"Grady Sizemore","319","290","65","19","2","9","32","35","24","85","5","5","1",".224",".295",".397",".691",".303","2197"
"Chad Tracy","155","140","34","9","0","4","17","17","14","25","1","0","0",".243",".316",".393",".709",".303","1888"
"Greg Dobbs","274","260","73","11","1","5","30","31","13","48","1","2","1",".281",".318",".388",".706",".303","2158"
"Drew Stubbs","347","315","76","10","2","9","37","35","30","105","2","19","5",".241",".311",".371",".683",".303","9328"
"Jason Bartlett","194","175","46","8","1","1","21","18","18","37","1","3","1",".263",".335",".337",".672",".302","8219"
"Jack Hannahan","189","170","42","9","0","3","20","19","18","40","1","1","0",".247",".323",".353",".676",".302","3692"
"Mike McCoy","133","120","31","4","0","2","14","12","13","22","0","6","1",".258",".331",".342",".672",".302","4583"
"Corey Brown","182","175","42","13","0","7","18","23","7","64","0","0","0",".240",".269",".434",".704",".302","2650"
"Carlos Corporan","162","150","38","6","0","4","17","16","9","42","3","0","1",".253",".309",".373",".682",".302","5587"
"Sean Rodriguez","279","250","59","12","1","6","29","28","23","61","6","5","2",".236",".315",".364",".679",".302","6589"
"Willie Bloomquist","184","175","49","9","2","1","19","20","8","30","1","7","3",".280",".315",".371",".687",".302","1066"
"Josh Thole","242","220","62","10","0","1","27","23","21","32","1","0","0",".282",".347",".341",".688",".302","9689"
"Brandon Crawford","497","455","120","25","3","5","53","51","39","93","3","1","5",".264",".326",".365",".691",".301","5343"
"Dee Gordon","187","175","51","6","1","0","25","13","11","31","1","20","6",".291",".337",".337",".674",".301","8203"
"Xavier Paul","129","120","31","5","2","2","14","15","9","27","0","6","2",".258",".310",".383",".693",".301","5963"
"Ramon Santiago","265","240","62","8","2","3","28","26","20","41","5","1","0",".258",".328",".346",".674",".301","1417"
"Kurt Suzuki","210","195","51","10","0","4","22","22","12","30","3","1","0",".262",".314",".374",".689",".301","8259"
"Cody Ransom","181","160","32","9","0","7","19","18","19","69","2","2","1",".200",".293",".388",".680",".301","1126"
"Alex Gonzalez","243","230","58","12","0","7","25","29","11","48","2","2","1",".252",".292",".396",".688",".300","520"
"Tony Campana","117","110","33","3","0","0","13","11","7","26","0","18","2",".300",".342",".327",".669",".300","4964"
"Matt Dominguez","464","445","119","18","2","12","47","50","18","65","1","0","0",".267",".297",".398",".695",".300","4903"
"Rod Barajas","197","180","42","7","0","7","22","22","14","39","3","0","0",".233",".299",".389",".688",".299","45"
"Franklin Gutierrez","456","425","109","21","2","8","55","40","28","88","3","12","3",".256",".307",".372",".679",".299","3255"
"Hiroyuk Nakajima","430","400","104","17","2","7","44","41","30","86","0","4","2",".260",".312",".365",".677",".299","14446"
"Nick Hundley","333","305","74","14","3","7","34","34","25","82","3","2","3",".243",".306",".377",".683",".298","3376"
"Dioner Navarro","205","190","50","7","1","5","22","22","14","33","1","0","0",".263",".317",".389",".707",".298","3179"
"Alexi Casilla","291","270","71","16","3","1","29","28","18","43","3","15","2",".263",".316",".356",".672",".298","5248"
"Collin Cowgill","133","120","32","3","0","1","14","11","13","32","0","4","4",".267",".338",".317",".655",".297","7250"
"Quintin Berry","312","280","68","10","6","2","37","27","25","76","7","19","0",".243",".321",".343",".663",".297","9414"
"Chris Valaika","143","135","36","5","3","1","14","15","8","22","0","0","0",".267",".308",".370",".678",".297","1165"
"John McDonald","186","175","47","8","0","4","20","20","10","27","1","1","1",".269",".312",".383",".695",".297","395"
"Conor Gillaspie","165","160","45","6","0","3","17","20","5","13","0","0","0",".281",".303",".375",".678",".297","9009"
"Robert Andino","269","245","62","10","0","4","28","23","23","57","1","4","2",".253",".320",".343",".663",".297","4900"
"Andrew Romine","171","150","41","0","0","0","19","13","21","36","0","10","0",".273",".363",".273",".636",".297","1159"
"Brian Roberts","306","280","71","12","1","4","32","29","25","48","1","8","2",".254",".317",".346",".663",".296","166"
"Everth Cabrera","493","440","110","20","4","2","65","32","49","118","4","54","12",".250",".331",".327",".658",".296","8155"
"Brent Morel","149","140","38","5","0","2","15","15","8","30","1","3","2",".271",".315",".350",".665",".296","6402"
"Brian Dozier","126","120","33","4","0","2","13","13","6","21","0","3","1",".275",".310",".358",".668",".295","9810"
"Kirk Nieuwenhuis","467","425","99","18","2","11","48","45","39","144","3","6","6",".233",".302",".362",".664",".295","6400"
"DeWayne Wise","184","175","43","7","2","5","18","21","8","46","1","11","3",".246",".283",".394",".677",".294","1554"
"Eric Hinske","201","180","40","10","1","5","21","21","20","56","1","0","0",".222",".303",".372",".676",".294","1305"
"Paul Janish","187","170","45","7","1","0","19","17","15","27","2","1","1",".265",".332",".318",".649",".294","7412"
"Chris Stewart","152","140","35","8","0","2","15","16","11","19","1","1","0",".250",".309",".350",".659",".293","3878"
"Stephen Vogt","131","125","31","7","1","3","13","16","6","31","0","1","1",".248",".282",".392",".674",".293","5000"
"Shane Robinson","119","110","28","5","0","2","12","12","9","21","0","1","0",".255",".311",".355",".665",".292","4249"
"Adeiny Hechavarria","355","340","88","22","0","6","35","38","12","79","3","0","0",".259",".290",".376",".667",".291","10459"
"Johnny Giavotella","271","260","71","11","3","2","27","29","11","48","0","5","1",".273",".303",".362",".664",".291","6740"
"Danny Valencia","142","135","34","6","1","3","14","15","7","27","0","0","1",".252",".289",".378",".667",".291","6364"
"Wilson Valdez","116","110","31","4","1","0","12","12","6","18","0","2","1",".282",".319",".336",".655",".291","1863"
"Pedro Florimon","377","350","89","14","5","3","37","37","27","80","0","5","2",".254",".308",".349",".656",".291","8385"
"Anthony Gose","134","120","28","5","2","1","13","12","13","40","1","12","2",".233",".313",".333",".647",".290","5097"
"Jordan Schafer","129","115","28","4","1","1","17","9","13","35","1","9","2",".243",".326",".322",".647",".290","9883"
"Jose Lobaton","260","225","50","13","0","2","27","21","32","61","3","0","1",".222",".327",".307",".634",".289","4243"
"Brendan Ryan","472","425","103","19","3","3","47","38","41","92","6","12","4",".242",".318",".322",".640",".289","6073"
"Chone Figgins","183","165","41","6","1","1","24","12","18","37","0","5","2",".248",".322",".315",".638",".288","1580"
"Jerry Sands","146","130","28","10","0","2","14","13","15","36","1","0","0",".215",".301",".338",".640",".287","4016"
"Clint Barmes","457","425","104","19","1","9","45","43","25","94","7","2","1",".245",".298",".358",".655",".287","1830"
"Pete Kozma","150","120","24","7","0","0","17","10","30","27","0","0","0",".200",".360",".258",".618",".286","2539"
"Matt Adams","149","140","33","10","0","3","15","17","9","37","0","0","0",".236",".282",".371",".653",".286","9393"
"Eduardo Escobar","159","145","38","4","1","0","16","13","13","32","1","3","0",".262",".327",".303",".630",".286","6153"
"Jason Donald","118","110","28","4","1","1","11","12","6","32","2","3","1",".255",".305",".336",".641",".286","9331"
"Austin Romine","159","150","37","6","1","3","16","17","9","38","0","0","0",".247",".289",".360",".649",".285","5491"
"Nolan Arenado","147","140","34","7","1","3","14","19","7","31","0","2","2",".243",".279",".371",".650",".284","sa500816"
"Hector Sanchez","181","175","44","12","0","3","17","20","5","38","1","0","0",".251",".276",".371",".648",".282","10289"
"Jean Segura","379","360","98","10","3","2","38","39","19","52","0","16","5",".272",".309",".333",".642",".280","5933"
"Gary Brown","211","200","49","12","2","2","20","16","11","51","0","9","3",".245",".284",".355",".639",".280","sa390657"
"Anthony Recker","141","120","23","5","0","2","14","10","17","38","4","0","0",".192",".312",".283",".595",".278","4063"
"Jayson Nix","143","130","26","8","0","4","14","15","11","38","2","4","1",".200",".273",".354",".627",".278","3790"
"Ryan Raburn","172","160","35","10","0","4","16","17","10","43","2","1","1",".219",".273",".356",".630",".277","2218"
"John Baker","166","150","38","6","0","0","17","13","16","33","0","1","0",".253",".325",".293",".619",".277","4756"
"Tony Cruz","145","140","35","10","1","1","13","16","5","22","0","0","1",".250",".276",".357",".633",".276","2802"
"Jose Iglesias","149","135","31","4","0","2","14","13","8","30","6","2","0",".230",".302",".304",".606",".276","10231"
"Rick Ankiel","158","145","31","8","1","4","16","15","12","46","1","2","1",".214",".278",".366",".644",".276","1142"
"Ryan Flaherty","180","170","37","2","1","7","17","18","7","47","3","1","0",".218",".261",".365",".626",".274","7888"
"Taylor Teagarden","153","140","29","7","0","4","14","14","12","57","1","0","0",".207",".275",".343",".617",".274","5199"
"Josh Vitters","191","180","41","8","1","4","18","17","7","44","4","2","1",".228",".272",".350",".622",".274","4623"
"Jordan Danks","175","160","39","2","0","2","18","15","15","37","0","7","2",".244",".309",".294",".602",".274","9187"
"Michael Martinez","197","185","47","5","1","3","20","20","12","33","0","1","0",".254",".299",".341",".640",".273","7358"
"Drew Butera","216","200","46","9","1","2","20","19","13","41","3","0","0",".230",".287",".315",".602",".269","3411"
"Jeff Mathis","185","175","38","9","0","5","17","19","9","55","1","1","1",".217",".259",".354",".614",".269","3448"
"Emmanuel Burriss","192","180","47","1","0","0","18","15","8","22","4","16","4",".261",".307",".267",".574",".260","2917"
"Humberto Quintero","129","125","30","8","0","1","11","13","3","27","1","0","0",".240",".264",".328",".592",".259","1824"
"Brandon Barnes","186","175","41","5","0","2","17","15","9","51","2","2","2",".234",".280",".297",".577",".259","629"
"Brandon Hicks","164","150","23","10","0","6","14","15","14","70","0","1","0",".153",".226",".340",".566",".249","4003"
"Ryan Lavarnway","151","140","28","7","0","2","13","14","11","36","0","0","0",".200",".258",".293",".551",".247","8879"
"Brett Hayes","137","130","24","8","0","2","11","12","7","50","0","1","0",".185",".226",".292",".519",".212","4293"
"Hector Gimenez","180","180","42","0","0","0","13","17","0","56","0","0","0",".233",".233",".233",".467",".206","2172"
"Che-Hsuan Lin","180","180","39","0","0","0","12","11","0","71","0","0","0",".217",".217",".217",".433",".191","3734"
