"Name","W","L","ERA","SV","HLD","IP","H","ER","HR","SO","BB","WHIP","K/9","BB/9","FIP","playerid"
"Craig Kimbrel","3","3","1.54","35","0","70.0","42","12","3","126","22","0.91","16.20","2.83","1.02","6655"
"Kenley Jansen","2","2","2.34","9","22","50.0","26","13","4","80","19","0.90","14.40","3.42","2.13","3096"
"Rudy Owens","3","3","5.06","0","0","80.0","147","45","0","87","35","2.28","9.79","3.94","2.17","sa328313"
"Greg Holland","2","2","2.85","28","3","60.0","49","19","2","79","27","1.27","11.85","4.05","2.18","7196"
"Junichi Tazawa","2","2","2.62","3","21","55.0","49","16","3","55","7","1.02","9.00","1.15","2.23","4079"
"Sean Marshall","3","3","2.35","5","28","65.0","58","17","3","74","17","1.15","10.25","2.35","2.23","5905"
"Sean Doolittle","2","2","3.00","3","18","60.0","51","20","5","76","14","1.08","11.40","2.10","2.33","1581"
"Sergio Romo","2","2","2.10","30","1","60.0","40","14","5","73","10","0.83","10.95","1.50","2.33","9817"
"J.J. Putz","2","2","2.40","30","0","60.0","48","16","4","69","13","1.02","10.35","1.95","2.35","1795"
"Jake McGee","2","2","2.25","4","26","60.0","41","15","5","76","15","0.93","11.40","2.25","2.38","7550"
"David Robertson","3","3","2.40","5","26","60.0","48","16","4","83","24","1.20","12.45","3.60","2.38","8241"
"Jim Henderson","2","2","2.78","3","21","55.0","47","17","4","82","24","1.29","13.42","3.93","2.41","6653"
"Kris Medlen","15","7","3.02","0","0","170.0","146","57","9","147","30","1.04","7.78","1.59","2.54","9417"
"Aroldis Chapman","13","8","3.06","0","0","150.0","119","51","8","209","72","1.27","12.54","4.32","2.54","10233"
"Mariano Rivera","3","3","2.70","29","0","60.0","44","18","4","57","10","0.90","8.55","1.50","2.60","844"
"Stephen Strasburg","16","6","2.91","0","0","195.0","164","63","17","240","56","1.13","11.08","2.58","2.62","10131"
"Jonathan Papelbon","2","2","2.55","35","0","60.0","48","17","6","78","15","1.05","11.70","2.25","2.63","5975"
"Octavio Dotel","2","2","3.44","1","9","55.0","45","21","4","61","16","1.11","9.98","2.62","2.68","555"
"Koji Uehara","2","2","2.60","3","17","45.0","28","13","6","54","5","0.73","10.80","1.00","2.70","9227"
"Fernando Rodney","2","2","2.40","35","0","60.0","41","16","2","58","21","1.03","8.70","3.15","2.73","494"
"Kelvin Herrera","2","2","3.00","3","18","60.0","56","20","3","54","15","1.18","8.10","2.25","2.73","6033"
"Clayton Kershaw","17","8","2.59","0","0","205.0","154","59","14","211","59","1.04","9.26","2.59","2.78","2036"
"Darren Oliver","2","2","3.27","1","9","55.0","45","20","3","51","14","1.07","8.35","2.29","2.81","206"
"Drew Storen","3","3","3.15","6","18","60.0","46","21","3","54","17","1.05","8.10","2.55","2.83","6983"
"Jordan Walden","3","3","3.30","2","15","60.0","52","22","4","72","27","1.32","10.80","4.05","2.85","3271"
"Wilton Lopez","2","2","2.55","4","23","60.0","58","17","4","48","9","1.12","7.20","1.35","2.85","4227"
"Ryan Madson","2","2","2.88","22","0","50.0","44","16","4","53","13","1.14","9.54","2.34","2.85","1852"
"Huston Street","2","2","2.70","32","0","50.0","35","15","5","55","12","0.94","9.90","2.16","2.85","8258"
"David Hernandez","2","2","3.15","3","18","60.0","46","21","5","75","23","1.15","11.25","3.45","2.86","4259"
"Ryan Cook","2","2","3.45","2","15","60.0","37","23","3","65","24","1.02","9.75","3.60","2.86","8855"
"Al Alburquerque","2","2","2.78","2","16","55.0","26","17","3","81","36","1.13","13.25","5.89","2.87","6324"
"Cory Luebke","2","2","3.60","0","0","60.0","49","24","4","59","18","1.12","8.85","2.70","2.88","1984"
"Steve Cishek","2","2","3.30","22","3","60.0","51","22","2","64","26","1.28","9.60","3.90","2.88","6483"
"Matt Belisle","2","2","3.32","3","17","65.0","71","24","4","56","14","1.31","7.75","1.94","2.89","1837"
"Rafael Betancourt","2","2","3.30","33","0","60.0","52","22","7","66","11","1.05","9.90","1.65","2.90","177"
"Cliff Lee","14","7","2.96","0","0","210.0","198","69","22","204","30","1.09","8.74","1.29","2.91","1636"
"Justin Verlander","18","8","2.72","0","0","215.0","169","65","18","216","54","1.04","9.04","2.26","2.92","8700"
"Felix Hernandez","13","7","2.90","0","0","220.0","197","71","15","210","57","1.15","8.59","2.33","2.92","4772"
"Jonathan Broxton","2","2","3.24","24","4","50.0","48","18","2","44","17","1.30","7.92","3.06","2.93","4759"
"Tom Wilhelmsen","2","2","3.00","30","0","60.0","45","20","4","65","22","1.12","9.75","3.30","2.93","9975"
"Jeremy Horst","2","2","3.20","1","7","45.0","34","16","3","53","20","1.20","10.60","4.00","2.94","596"
"Matt Thornton","2","2","3.45","2","15","60.0","57","23","4","57","17","1.23","8.55","2.55","2.95","1918"
"Mike Adams","2","2","3.30","2","15","60.0","52","22","4","57","17","1.15","8.55","2.55","2.95","1937"
"Jeremy Affeldt","2","2","3.30","1","10","60.0","53","22","2","54","23","1.27","8.10","3.45","2.96","583"
"Dale Thayer","2","2","3.80","0","5","45.0","43","19","3","36","9","1.16","7.20","1.80","2.96","5032"
"Adam Wainwright","13","7","3.18","0","0","195.0","187","69","14","181","51","1.22","8.35","2.35","2.97","2233"
"Jason Motte","2","2","2.55","35","0","60.0","43","17","6","66","15","0.97","9.90","2.25","2.98","5861"
"George Kontos","2","2","3.15","1","10","60.0","47","21","5","61","17","1.07","9.15","2.55","2.98","9486"
"Joe Thatcher","2","2","3.60","1","7","45.0","40","18","3","55","20","1.33","11.00","4.00","2.99","4620"
"Jason Grilli","2","2","2.55","28","3","60.0","47","17","7","87","24","1.18","13.05","3.60","3.00","521"
"Joe Nathan","3","3","2.55","35","0","60.0","51","17","7","70","14","1.08","10.50","2.10","3.01","1122"
"Carter Capps","2","2","3.45","2","15","60.0","60","23","4","67","26","1.43","10.05","3.90","3.01","12803"
"Mike Fiers","9","7","3.54","0","0","160.0","157","63","15","170","45","1.26","9.56","2.53","3.02","7754"
"Roy Halladay","12","8","3.28","0","0","195.0","186","71","17","172","36","1.14","7.94","1.66","3.03","1303"
"Jaime Garcia","6","4","3.33","0","0","100.0","108","37","6","81","27","1.35","7.29","2.43","3.03","8137"
"Zack Greinke","12","9","3.74","0","0","200.0","189","83","18","197","51","1.20","8.87","2.30","3.04","1943"
"Eric O'Flaherty","3","3","2.83","2","13","70.0","58","22","3","58","23","1.16","7.46","2.96","3.04","5746"
"Nick Vincent","2","2","3.24","1","8","50.0","36","18","5","54","13","0.98","9.72","2.34","3.07","7555"
"Joel Peralta","2","2","3.15","3","18","60.0","43","21","7","68","15","0.97","10.20","2.25","3.08","2332"
"Luis Avilan","2","2","3.44","1","9","55.0","41","21","4","50","15","1.02","8.18","2.45","3.08","2882"
"Javier Lopez","2","2","3.45","2","15","60.0","56","23","1","45","25","1.35","6.75","3.75","3.10","1663"
"Josh Johnson","12","7","3.34","0","0","175.0","157","65","11","156","57","1.22","8.02","2.93","3.11","4567"
"Grant Balfour","2","2","3.15","30","0","60.0","37","21","4","58","22","0.98","8.70","3.30","3.11","718"
"Brandon League","3","3","3.45","15","6","60.0","54","23","2","45","22","1.27","6.75","3.30","3.11","3731"
"Glen Perkins","2","2","2.85","22","2","60.0","53","19","6","62","15","1.13","9.30","2.25","3.11","8041"
"Raul Valdes","2","2","3.40","1","11","45.0","33","17","5","50","12","1.00","10.00","2.40","3.12","1953"
"Gio Gonzalez","17","7","2.93","0","0","200.0","160","65","12","201","82","1.21","9.05","3.69","3.12","7448"
"Francisco Rodriguez","2","2","3.00","3","18","60.0","53","20","5","67","23","1.27","10.05","3.45","3.13","1642"
"Casey Janssen","3","3","3.00","3","18","60.0","48","20","6","60","13","1.02","9.00","1.95","3.13","7355"
"Troy Patton","2","2","3.30","1","10","60.0","49","22","5","52","13","1.03","7.80","1.95","3.13","8368"
"Bobby Parnell","2","2","3.15","3","18","60.0","60","21","4","56","21","1.35","8.40","3.15","3.13","9926"
"Donnie Veal","2","2","2.95","2","15","55.0","44","18","5","64","21","1.18","10.47","3.44","3.14","4741"
"David Price","16","7","2.72","0","0","205.0","171","62","17","197","60","1.13","8.65","2.63","3.15","3184"
"Cory Gearrin","2","2","3.15","1","7","40.0","35","14","3","44","15","1.25","9.90","3.38","3.16","7947"
"Ronald Belisario","3","3","3.15","2","15","60.0","42","21","3","56","24","1.10","8.40","3.60","3.16","2203"
"Christian Garcia","2","2","3.60","1","7","45.0","43","18","5","55","14","1.27","11.00","2.80","3.16","4067"
"Kyle Farnsworth","2","2","3.78","1","5","50.0","41","21","3","46","18","1.18","8.28","3.24","3.17","278"
"Luke Gregerson","2","2","3.15","2","15","60.0","50","21","5","58","18","1.13","8.70","2.70","3.18","4090"
"Matt Lindstrom","2","2","3.75","1","10","60.0","60","25","3","48","18","1.30","7.20","2.70","3.18","4604"
"Brayan Villarreal","3","3","3.90","1","6","60.0","46","26","4","71","32","1.30","10.65","4.80","3.18","5180"
"Brad Ziegler","2","2","3.00","1","11","60.0","51","20","2","40","20","1.18","6.00","3.00","3.18","7293"
"Chris Leroux","2","2","3.20","1","7","45.0","48","16","4","45","13","1.36","9.00","2.60","3.19","7645"
"Rex Brothers","2","2","3.42","1","8","50.0","46","19","4","64","27","1.46","11.52","4.86","3.19","9794"
"Chris Sale","12","7","3.14","0","0","175.0","148","61","17","179","50","1.13","9.21","2.57","3.19","10603"
"Brian Wilson","2","2","3.60","2","13","50.0","46","20","3","54","25","1.42","9.72","4.50","3.21","6485"
"Cristhian Martinez","3","3","3.60","1","10","60.0","59","24","5","51","15","1.23","7.65","2.25","3.21","5337"
"Gerrit Cole","0","0","3.80","0","0","90.0","85","38","5","78","36","1.34","7.80","3.60","3.22","sa454389"
"CC Sabathia","14","7","3.06","0","0","185.0","171","63","18","177","45","1.17","8.61","2.19","3.22","404"
"Rafael Soriano","3","3","3.15","28","3","60.0","47","21","5","61","22","1.15","9.15","3.30","3.23","1100"
"Madison Bumgarner","13","8","3.29","0","0","200.0","184","73","19","183","47","1.16","8.24","2.12","3.23","5524"
"Ryan Webb","2","2","3.75","1","10","60.0","68","25","2","43","21","1.48","6.45","3.15","3.23","7474"
"Antonio Bastardo","2","2","3.30","2","15","60.0","42","22","7","86","29","1.18","12.90","4.35","3.23","8844"
"Trevor Rosenthal","2","2","3.11","2","16","55.0","35","19","6","62","17","0.95","10.15","2.78","3.23","10745"
"Yu Darvish","12","8","3.65","0","0","200.0","163","81","15","231","93","1.28","10.40","4.19","3.24","13074"
"Vinnie Pestano","2","2","3.45","2","15","60.0","44","23","6","70","22","1.10","10.50","3.30","3.25","4782"
"Heath Bell","2","2","3.42","6","13","50.0","49","19","3","47","21","1.40","8.46","3.78","3.25","2080"
"Matt Harvey","9","6","3.43","0","0","160.0","114","61","14","190","70","1.15","10.69","3.94","3.26","11713"
"Jim Johnson","3","3","3.12","35","0","75.0","64","26","4","47","17","1.08","5.64","2.04","3.27","3656"
"Wade Miley","11","8","3.65","0","0","200.0","202","81","16","146","42","1.22","6.57","1.89","3.27","8779"
"Matt Cain","16","7","2.91","0","0","210.0","170","68","17","178","54","1.07","7.63","2.31","3.27","4732"
"John Axford","2","2","3.00","28","0","60.0","51","20","6","78","30","1.35","11.70","4.50","3.28","9059"
"Aaron Crow","2","2","3.30","2","15","60.0","51","22","5","61","23","1.23","9.15","3.45","3.28","10149"
"Cole Hamels","14","7","3.00","0","0","210.0","182","70","23","204","50","1.10","8.74","2.14","3.28","4972"
"Jonny Venters","3","3","2.52","5","29","75.0","64","21","5","86","36","1.33","10.32","4.32","3.28","7175"
"Tyler Clippard","3","3","3.74","3","17","65.0","45","27","7","76","25","1.08","10.52","3.46","3.29","5640"
"Doug Fister","14","7","3.24","0","0","200.0","192","72","16","152","41","1.17","6.84","1.85","3.30","9425"
"A.J. Ramos","1","1","3.60","1","6","40.0","35","16","5","57","18","1.33","12.83","4.05","3.31","8350"
"Sean Burnett","3","3","2.85","3","18","60.0","58","19","5","54","17","1.25","8.10","2.55","3.31","1886"
"Fernando Salas","2","2","3.75","1","6","60.0","52","25","5","61","24","1.27","9.15","3.60","3.33","4971"
"Javy Guerra","3","3","4.05","0","5","60.0","55","27","2","49","28","1.38","7.35","4.20","3.33","7407"
"Jarrod Parker","10","8","3.79","0","0","190.0","174","80","11","146","66","1.26","6.92","3.13","3.34","4913"
"Andrew Bailey","2","2","4.20","1","5","45.0","43","21","4","43","16","1.31","8.60","3.20","3.34","1368"
"Joe Smith","2","2","3.45","2","15","60.0","47","23","3","46","22","1.15","6.90","3.30","3.35","3281"
"Nate Jones","2","2","3.78","2","5","50.0","47","21","3","46","22","1.38","8.28","3.96","3.35","4696"
"Brett Anderson","11","6","3.23","0","0","170.0","163","61","12","125","41","1.20","6.62","2.17","3.36","8223"
"Lance Lynn","9","7","3.66","0","0","145.0","136","59","13","150","52","1.30","9.31","3.23","3.37","2520"
"Sergio Santos","3","3","3.45","25","0","60.0","48","23","6","78","31","1.32","11.70","4.65","3.38","4734"
"Jordan Zimmermann","13","7","3.46","0","0","190.0","182","73","17","150","41","1.17","7.11","1.94","3.39","4505"
"R.A. Dickey","17","7","2.75","0","0","200.0","175","61","19","173","49","1.12","7.79","2.21","3.39","1245"
"Joakim Soria","2","2","3.60","1","11","25.0","23","10","3","27","7","1.20","9.72","2.52","3.39","6941"
"Brandon Beachy","3","3","3.36","0","0","75.0","55","28","7","74","26","1.08","8.88","3.12","3.39","8851"
"Kevin Jepsen","3","3","4.05","1","6","60.0","58","27","4","51","21","1.32","7.65","3.15","3.40","6475"
"Robbie Ross","3","3","3.45","2","15","60.0","51","23","3","43","21","1.20","6.45","3.15","3.40","6819"
"Anibal Sanchez","12","8","3.65","0","0","200.0","200","81","19","179","57","1.29","8.06","2.57","3.41","3284"
"Sam LeCure","4","4","3.49","0","0","80.0","64","31","7","80","30","1.18","9.00","3.38","3.41","4664"
"Marco Estrada","10","8","3.70","0","0","175.0","163","72","23","179","41","1.17","9.21","2.11","3.41","1118"
"Johnny Cueto","14","6","2.93","0","0","175.0","161","57","13","132","44","1.17","6.79","2.26","3.41","6893"
"Darren O'Day","2","2","3.24","2","13","50.0","37","18","6","50","11","0.96","9.00","1.98","3.43","3321"
"Chad Billingsley","5","4","3.76","0","0","110.0","108","46","8","94","39","1.34","7.69","3.19","3.44","5842"
"Burke Badenhop","3","3","3.60","0","0","80.0","81","32","6","57","21","1.28","6.41","2.36","3.44","9736"
"Phil Coke","3","3","3.90","1","10","60.0","71","26","4","48","21","1.53","7.20","3.15","3.45","5535"
"Rich Hill","2","2","3.80","0","5","45.0","40","19","3","49","25","1.44","9.80","5.00","3.45","4806"
"Brandon McCarthy","6","5","3.95","0","0","130.0","132","57","11","89","26","1.22","6.16","1.80","3.45","4662"
"Michael Pineda","5","4","3.76","0","0","110.0","86","46","12","111","35","1.10","9.08","2.86","3.47","5372"
"Felipe Paulino","0","0","3.96","0","0","25.0","25","11","2","24","10","1.40","8.64","3.60","3.47","3777"
"Nick Masset","2","2","3.24","1","8","50.0","49","18","4","48","21","1.40","8.64","3.78","3.47","7267"
"Jose Valverde","2","2","4.35","0","5","60.0","48","29","3","48","25","1.22","7.20","3.75","3.48","1726"
"Wily Peralta","8","6","3.54","0","0","140.0","116","55","9","111","53","1.21","7.14","3.41","3.48","7738"
"Max Scherzer","13","9","3.60","0","0","200.0","196","80","25","221","64","1.30","9.95","2.88","3.50","3137"
"Casey Fien","2","2","3.60","1","7","55.0","47","22","6","50","14","1.11","8.18","2.29","3.50","3926"
"Jared Burton","2","2","3.60","2","14","55.0","48","22","5","48","15","1.15","7.85","2.45","3.50","8346"
"Scott Downs","3","3","3.45","1","10","60.0","52","23","4","43","20","1.20","6.45","3.00","3.51","773"
"Craig Breslow","2","2","3.60","1","10","60.0","53","24","5","54","22","1.25","8.10","3.30","3.51","4363"
"Jesse Crain","2","2","3.30","2","15","60.0","41","22","6","68","28","1.15","10.20","4.20","3.51","4817"
"Jered Weaver","15","8","3.10","0","0","215.0","170","74","22","175","52","1.03","7.33","2.18","3.51","4235"
"Carlos Marmol","2","2","4.11","1","9","70.0","49","32","4","96","53","1.46","12.34","6.81","3.52","2790"
"Steve Johnson","2","2","3.76","1","9","55.0","33","23","6","66","26","1.07","10.80","4.25","3.52","4053"
"James Shields","12","10","3.64","0","0","215.0","197","87","25","203","55","1.17","8.50","2.30","3.53","7059"
"Mat Latos","13","9","3.51","0","0","200.0","171","78","21","183","62","1.17","8.24","2.79","3.54","3815"
"Mitchell Boggs","3","3","3.47","3","18","70.0","60","27","5","55","23","1.19","7.07","2.96","3.54","3344"
"Ernesto Frieri","3","3","2.85","8","18","60.0","36","19","7","84","29","1.08","12.60","4.35","3.55","5178"
"Boone Logan","3","3","3.60","2","15","60.0","55","24","6","70","28","1.38","10.50","4.20","3.55","5525"
"Hyun-Jin Ryu","10","9","4.05","0","0","160.0","166","72","17","139","47","1.33","7.82","2.64","3.56","14444"
"Jake Peavy","7","7","4.05","0","0","140.0","126","63","16","124","32","1.13","7.97","2.06","3.56","1051"
"Randy Choate","2","2","3.60","1","10","60.0","45","24","4","61","28","1.22","9.15","4.20","3.56","813"
"Brandon Lyon","2","2","4.00","1","7","45.0","44","20","4","41","16","1.33","8.20","3.20","3.56","1312"
"Pedro Strop","2","2","3.90","1","10","60.0","48","26","2","54","34","1.37","8.10","5.10","3.56","4070"
"Scott Elbert","3","3","4.05","1","6","60.0","50","27","5","57","25","1.25","8.55","3.75","3.56","7489"
"Evan Scribner","2","2","4.00","0","3","45.0","41","20","4","38","15","1.24","7.60","3.00","3.56","7525"
"Addison Reed","2","2","3.90","28","0","60.0","63","26","7","61","19","1.37","9.15","2.85","3.56","10586"
"Xavier Cedeno","2","2","3.60","1","9","55.0","57","22","6","63","24","1.47","10.31","3.93","3.58","36"
"Todd Coffey","2","2","3.93","1","6","55.0","51","24","4","47","21","1.31","7.69","3.44","3.58","2467"
"Edward Mujica","2","2","3.60","1","10","60.0","52","24","7","47","11","1.05","7.05","1.65","3.58","3970"
"Erasmo Ramirez","8","7","3.72","0","0","150.0","141","62","15","122","37","1.19","7.32","2.22","3.58","10314"
"Jon Niese","9","8","3.96","0","0","175.0","197","77","17","152","53","1.43","7.82","2.73","3.58","4424"
"Chris Perez","2","2","3.24","33","0","50.0","40","18","5","47","17","1.14","8.46","3.06","3.59","5213"
"Brandon Morrow","11","10","3.55","0","0","185.0","157","73","19","184","68","1.22","8.95","3.31","3.59","9346"
"Jeff Samardzija","9","7","3.45","0","0","180.0","159","69","19","182","68","1.26","9.10","3.40","3.60","3254"
"Kameron Loe","2","2","3.60","2","15","60.0","64","24","6","49","16","1.33","7.35","2.40","3.60","4422"
"Shawn Kelley","3","3","4.05","1","5","60.0","57","27","7","60","20","1.28","9.00","3.00","3.60","7773"
"Andy Pettitte","10","6","3.28","0","0","140.0","126","51","15","122","42","1.20","7.84","2.70","3.60","840"
"Alex Cobb","8","6","3.60","0","0","140.0","133","56","11","108","43","1.26","6.94","2.76","3.60","6562"
"Kyle Lohse","10","8","3.70","0","0","185.0","175","76","17","120","38","1.15","5.84","1.85","3.61","739"
"Jose Veras","2","2","3.60","17","6","60.0","51","24","5","69","34","1.42","10.35","5.10","3.61","2063"
"Mark Rogers","8","6","3.67","0","0","135.0","121","55","16","142","48","1.25","9.47","3.20","3.62","4083"
"Ryan Vogelsong","10","7","3.60","0","0","175.0","159","70","15","143","58","1.24","7.35","2.98","3.62","1011"
"Tim Hudson","11","7","3.44","0","0","165.0","150","63","11","103","45","1.18","5.62","2.45","3.63","921"
"Joel Hanrahan","2","2","3.60","29","0","60.0","45","24","6","66","29","1.23","9.90","4.35","3.63","2186"
"Jose Mijares","2","2","3.93","1","6","55.0","52","24","4","50","23","1.36","8.18","3.76","3.63","4140"
"Clay Rapada","2","2","3.76","1","6","55.0","43","23","5","55","25","1.24","9.00","4.09","3.63","4831"
"Alexi Ogando","10","6","3.42","0","0","150.0","122","57","17","131","39","1.07","7.86","2.34","3.64","10261"
"Jeremy Hefner","3","3","4.28","0","0","80.0","94","38","8","53","15","1.36","5.96","1.69","3.64","1989"
"Joaquin Benoit","3","3","2.91","8","20","65.0","51","21","10","75","19","1.08","10.38","2.63","3.65","1437"
"Vance Worley","8","8","3.84","0","0","185.0","198","79","16","155","65","1.42","7.54","3.16","3.65","6435"
"Tim Collins","2","2","3.45","1","10","60.0","47","23","6","73","33","1.33","10.95","4.95","3.65","3164"
"Wesley Wright","2","2","3.45","2","15","60.0","53","23","6","61","21","1.23","9.15","3.15","3.65","5960"
"Tim Lincecum","11","9","3.90","0","0","210.0","192","91","21","217","92","1.35","9.30","3.94","3.65","5705"
"Aaron Loup","2","2","3.80","1","8","45.0","41","19","3","31","16","1.27","6.20","3.20","3.65","10343"
"Lucas Harrell","7","7","3.86","0","0","170.0","166","73","11","124","70","1.39","6.56","3.71","3.67","7541"
"Ricky Nolasco","8","10","4.68","0","0","200.0","226","104","20","143","47","1.37","6.44","2.12","3.70","3830"
"Dan Haren","13","9","3.98","0","0","215.0","216","95","28","178","41","1.20","7.45","1.72","3.70","1757"
"Josh Kinney","2","2","4.05","0","0","60.0","53","27","6","67","28","1.35","10.05","4.20","3.70","3638"
"Shelby Miller","8","5","4.34","0","0","110.0","106","53","10","106","47","1.39","8.67","3.85","3.70","10197"
"Yovani Gallardo","12","9","3.73","0","0","215.0","196","89","26","218","80","1.28","9.13","3.35","3.70","8173"
"Tim Byrdak","2","2","4.05","1","5","60.0","44","27","5","66","34","1.30","9.90","5.10","3.71","1995"
"Scott Baker","6","6","3.90","0","0","120.0","118","52","15","106","29","1.23","7.95","2.18","3.71","6176"
"Ryan Dempster","10","9","4.01","0","0","200.0","189","89","22","182","68","1.29","8.19","3.06","3.72","517"
"C.J. Wilson","12","9","3.56","0","0","205.0","179","81","17","180","86","1.29","7.90","3.78","3.73","3580"
"Roy Oswalt","4","4","3.40","0","0","90.0","100","34","11","76","20","1.33","7.60","2.00","3.73","571"
"Hiroki Kuroda","12","7","3.35","0","0","180.0","170","67","20","139","42","1.18","6.95","2.10","3.73","3283"
"Fautino De Los Santos","2","2","4.35","2","3","60.0","65","29","6","75","36","1.68","11.25","5.40","3.73","5841"
"Ramon Ramirez","2","2","4.35","1","5","60.0","52","29","4","50","29","1.35","7.50","4.35","3.73","7986"
"Michael Schwimer","0","0","4.50","0","1","20.0","18","10","2","21","9","1.35","9.45","4.05","3.73","8103"
"Matt Garza","10","9","3.56","0","0","205.0","186","81","24","190","65","1.22","8.34","2.85","3.74","3340"
"Andrew Cashner","2","2","3.34","3","18","70.0","62","26","8","75","30","1.31","9.64","3.86","3.74","8782"
"Charlie Furbush","2","2","3.60","1","10","60.0","50","24","7","60","21","1.18","9.00","3.15","3.75","1370"
"Cesar Ramos","2","2","3.60","1","10","60.0","46","24","5","53","25","1.18","7.95","3.75","3.75","3357"
"Chris Resop","2","2","4.50","1","3","60.0","65","30","5","47","22","1.45","7.05","3.30","3.75","3799"
"Luis Ayala","2","2","3.76","1","6","55.0","58","23","5","38","13","1.29","6.22","2.13","3.76","1650"
"Michael Gonzalez","2","2","3.60","2","14","55.0","49","22","6","58","24","1.33","9.49","3.93","3.76","1794"
"Edwin Jackson","8","9","4.07","0","0","190.0","187","86","21","160","60","1.30","7.58","2.84","3.76","1841"
"Shawn Camp","2","2","3.90","1","10","60.0","63","26","5","39","17","1.33","5.85","2.55","3.76","1855"
"Frank Herrmann","1","1","4.20","0","0","30.0","30","14","3","19","7","1.23","5.70","2.10","3.76","7960"
"Bryan Shaw","2","2","3.90","1","6","60.0","61","26","4","43","23","1.40","6.45","3.45","3.76","8110"
"Frank Francisco","2","2","3.76","28","0","55.0","57","23","7","61","24","1.47","9.98","3.93","3.78","1933"
"Drew Smyly","3","3","3.96","0","0","75.0","70","33","9","71","25","1.27","8.52","3.00","3.78","11760"
"Bartolo Colon","6","6","4.05","0","0","120.0","127","54","14","80","22","1.24","6.00","1.65","3.79","375"
"A.J. Griffin","9","7","3.92","0","0","170.0","153","74","21","133","39","1.13","7.04","2.06","3.79","11132"
"Tony Watson","2","2","3.90","1","10","60.0","44","26","6","58","27","1.18","8.70","4.05","3.80","3132"
"Tim Dillard","2","2","3.90","1","6","60.0","69","26","6","49","20","1.48","7.35","3.00","3.80","5518"
"Zach Putnam","1","1","5.40","0","0","35.0","51","21","4","26","7","1.66","6.69","1.80","3.80","9080"
"Ian Kennedy","11","8","3.69","0","0","205.0","197","84","25","183","55","1.23","8.03","2.41","3.81","6986"
"Daniel Hudson","3","3","3.84","0","0","75.0","80","32","9","59","18","1.31","7.08","2.16","3.82","7146"
"Jason Hammel","9","7","3.96","0","0","175.0","171","77","17","140","61","1.33","7.20","3.14","3.82","4538"
"Hector Ambriz","2","2","4.25","1","7","55.0","51","26","5","57","28","1.44","9.33","4.58","3.83","559"
"Joe Kelly","1","1","3.86","0","3","35.0","37","15","3","25","12","1.40","6.43","3.09","3.83","9761"
"Josh Edgin","2","2","3.78","1","8","50.0","38","21","7","60","20","1.16","10.80","3.60","3.83","10796"
"Jeff Karstens","7","6","3.90","0","0","150.0","153","65","17","98","30","1.22","5.88","1.80","3.84","5879"
"Matt Moore","12","9","3.75","0","0","185.0","165","77","19","185","84","1.35","9.00","4.09","3.84","1890"
"Juan Nicasio","7","8","4.08","0","0","150.0","175","68","18","134","50","1.50","8.04","3.00","3.84","7731"
"Tommy Milone","8","8","4.50","0","0","180.0","194","90","19","104","28","1.23","5.20","1.40","3.85","7608"
"Hisanori Takahashi","2","2","3.90","1","6","60.0","56","26","8","56","19","1.25","8.40","2.85","3.85","10091"
"Wandy Rodriguez","10","8","3.83","0","0","200.0","196","85","21","152","61","1.29","6.84","2.75","3.85","2586"
"Jon Lester","10","9","4.00","0","0","205.0","200","91","23","182","72","1.33","7.99","3.16","3.85","4930"
"Justin Masterson","8","10","4.35","0","0","205.0","209","99","16","157","80","1.41","6.89","3.51","3.86","2038"
"Santiago Casilla","2","2","3.45","2","15","60.0","49","23","6","53","24","1.22","7.95","3.60","3.86","2873"
"Joba Chamberlain","2","2","3.76","1","9","55.0","59","23","7","54","18","1.40","8.84","2.95","3.87","2692"
"Erik Bedard","4","5","4.17","0","0","110.0","109","51","12","105","47","1.42","8.59","3.85","3.88","126"
"Brandon Kintzler","2","2","3.60","2","15","60.0","66","24","7","56","23","1.48","8.40","3.45","3.88","9939"
"Shaun Marcum","8","7","3.89","0","0","155.0","142","67","19","131","46","1.21","7.61","2.67","3.88","6204"
"Travis Blackley","2","2","4.25","0","0","55.0","50","26","5","36","16","1.20","5.89","2.62","3.88","3234"
"Josh Collmenter","4","4","3.70","0","0","90.0","87","37","12","71","20","1.19","7.10","2.00","3.89","7312"
"Matt Harrison","11","8","3.74","0","0","190.0","188","79","18","121","56","1.28","5.73","2.65","3.89","5551"
"Jamey Wright","2","2","3.60","1","8","50.0","50","20","3","37","23","1.46","6.66","4.14","3.89","715"
"Eric Stults","6","7","4.26","0","0","150.0","140","71","12","84","43","1.22","5.04","2.58","3.89","8011"
"Jeff Niemann","8","6","3.90","0","0","150.0","137","65","16","119","46","1.22","7.14","2.76","3.89","8591"
"James Russell","2","2","4.29","1","5","65.0","67","31","7","49","19","1.32","6.78","2.63","3.89","4089"
"Jason Frasor","3","3","3.75","1","6","60.0","57","25","7","66","28","1.42","9.90","4.20","3.90","1906"
"Wade Davis","9","6","3.48","0","0","150.0","133","58","16","129","56","1.26","7.74","3.36","3.90","7441"
"Kyle McPherson","3","3","4.24","0","0","70.0","64","33","8","56","19","1.19","7.20","2.44","3.90","5009"
"Patrick Corbin","2","2","3.93","0","0","55.0","60","24","7","44","13","1.33","7.20","2.13","3.90","9323"
"Bruce Rondon","2","2","3.42","19","4","50.0","36","19","7","64","27","1.26","11.52","4.86","3.91","sa503998"
"Chris Capuano","4","4","4.05","0","0","100.0","98","45","13","84","28","1.26","7.56","2.52","3.91","1701"
"Corey Kluber","0","0","3.96","0","2","25.0","30","11","3","22","7","1.48","7.92","2.52","3.91","2429"
"Jake Westbrook","8","7","4.16","0","0","160.0","175","74","12","96","53","1.43","5.40","2.98","3.91","412"
"Josh Beckett","9","9","4.33","0","0","185.0","177","89","22","154","55","1.25","7.49","2.68","3.92","510"
"Manny Parra","3","3","4.35","0","3","60.0","66","29","5","61","35","1.68","9.15","5.25","3.93","4279"
"Scott Feldman","3","3","4.30","0","0","90.0","100","43","10","65","25","1.39","6.50","2.50","3.93","6283"
"Homer Bailey","9","8","4.05","0","0","160.0","160","72","20","130","42","1.26","7.31","2.36","3.93","8362"
"Paul Maholm","10","7","3.92","0","0","170.0","169","74","16","116","50","1.29","6.14","2.65","3.93","8678"
"Cody Allen","2","2","4.25","0","3","55.0","55","26","5","51","28","1.51","8.35","4.58","3.94","12183"
"Johan Santana","7","6","3.84","0","0","150.0","146","64","20","135","48","1.29","8.10","2.88","3.94","755"
"Charlie Morton","2","2","4.50","0","0","60.0","70","30","4","36","21","1.52","5.40","3.15","3.95","4676"
"Joe Blanton","9","8","4.13","0","0","170.0","187","78","26","145","33","1.29","7.68","1.75","3.95","4849"
"Brian Duensing","6","7","4.33","0","0","135.0","154","65","14","89","38","1.42","5.93","2.53","3.95","4064"
"Alfredo Simon","2","2","4.09","0","0","55.0","60","25","5","43","20","1.45","7.04","3.27","3.96","2155"
"A.J. Burnett","9","9","4.10","0","0","200.0","193","91","23","178","71","1.32","8.01","3.20","3.96","512"
"Mike Pelfrey","7","8","3.99","0","0","115.0","130","51","9","65","37","1.45","5.09","2.90","3.96","5203"
"Brad Mills","2","2","3.80","0","0","45.0","46","19","5","46","21","1.49","9.20","4.20","3.96","4420"
"Kyuji Fujikawa","3","3","3.60","26","0","60.0","56","24","7","49","21","1.28","7.35","3.15","3.96","14443"
"Scott Diamond","6","6","3.86","0","0","140.0","152","60","14","72","28","1.29","4.63","1.80","3.97","5089"
"LaTroy Hawkins","2","2","4.14","1","6","50.0","53","23","5","30","14","1.34","5.40","2.52","3.97","729"
"Tom Gorzelanny","3","3","3.96","1","8","75.0","71","33","8","66","30","1.35","7.92","3.60","3.98","6244"
"Esmil Rogers","3","3","4.44","0","0","75.0","87","37","8","72","32","1.59","8.64","3.84","3.98","6317"
"Dillon Gee","9","7","3.71","0","0","160.0","154","66","17","130","54","1.30","7.31","3.04","3.99","7396"
"Rick Porcello","10","10","4.43","0","0","195.0","239","96","19","114","49","1.48","5.26","2.26","3.99","2717"
"Jon Rauch","2","2","4.25","1","7","55.0","49","26","7","40","13","1.13","6.55","2.13","3.99","1475"
"Ross Detwiler","10","7","3.98","0","0","165.0","153","73","15","105","53","1.25","5.73","2.89","3.99","2859"
"Rafael Perez","2","2","4.20","1","5","60.0","59","28","4","33","23","1.37","4.95","3.45","4.00","4078"
"Jerry Blevins","2","2","4.20","0","5","60.0","45","28","6","52","24","1.15","7.80","3.60","4.00","7841"
"Trevor Cahill","12","9","3.60","0","0","200.0","188","80","18","146","75","1.32","6.57","3.38","4.00","6249"
"Bryan Morris","1","1","3.78","0","5","50.0","49","21","5","38","18","1.34","6.84","3.24","4.01","10234"
"Andrew Miller","2","2","4.02","0","0","65.0","62","29","6","67","37","1.52","9.28","5.12","4.01","6785"
"Derek Lowe","5","6","4.91","0","0","110.0","132","60","8","59","39","1.55","4.83","3.19","4.02","199"
"Guillermo Mota","3","3","3.86","1","7","70.0","68","30","9","68","27","1.36","8.74","3.47","4.04","1467"
"Mike Dunn","2","2","4.50","1","5","60.0","60","30","6","64","36","1.60","9.60","5.40","4.05","9948"
"David Aardsma","2","2","4.40","0","2","45.0","32","22","5","47","24","1.24","9.40","4.80","4.05","1902"
"Ted Lilly","3","3","4.16","0","0","80.0","67","37","10","63","23","1.13","7.09","2.59","4.06","833"
"Chad Gaudin","1","1","4.50","0","2","40.0","42","20","4","34","17","1.48","7.65","3.83","4.06","1783"
"Anthony Bass","3","3","3.94","0","0","80.0","73","35","8","62","33","1.33","6.98","3.71","4.06","7982"
"Pedro Beato","2","2","4.20","1","5","60.0","53","28","5","42","24","1.28","6.30","3.60","4.06","1330"
"Mark Melancon","2","2","3.30","5","10","60.0","57","22","8","54","19","1.27","8.10","2.85","4.06","4264"
"Michael Stutes","2","2","5.10","0","1","60.0","53","34","6","56","30","1.38","8.40","4.50","4.06","6550"
"Jared Hughes","2","2","3.75","1","10","60.0","52","25","6","41","18","1.17","6.15","2.70","4.06","9325"
"Mark Buehrle","12","9","3.82","0","0","205.0","210","87","24","118","43","1.23","5.18","1.89","4.07","225"
"Brad Lincoln","3","3","3.75","0","0","60.0","59","25","9","54","17","1.27","8.10","2.55","4.08","4241"
"Fernando Rodriguez","2","2","4.35","0","5","60.0","58","29","8","67","30","1.47","10.05","4.50","4.08","7558"
"Peter Moylan","1","1","4.11","0","2","35.0","31","16","3","28","17","1.37","7.20","4.37","4.09","4891"
"Duane Below","3","3","4.05","0","0","60.0","63","27","7","36","13","1.27","5.40","1.95","4.10","3124"
"Steve Delabar","3","3","3.15","3","18","60.0","42","21","11","83","24","1.10","12.45","3.60","4.10","11827"
"Gavin Floyd","9","9","4.41","0","0","200.0","195","98","24","166","65","1.30","7.47","2.93","4.10","3886"
"Nathan Eovaldi","7","8","4.50","0","0","160.0","174","80","13","105","66","1.50","5.91","3.71","4.11","9132"
"Brett Myers","7","7","3.84","0","0","150.0","152","64","19","107","39","1.27","6.42","2.34","4.11","962"
"Colby Lewis","3","3","3.84","0","0","75.0","70","32","12","66","16","1.15","7.92","1.92","4.11","1259"
"Bobby Jenks","1","1","4.32","0","0","25.0","29","12","3","27","13","1.68","9.72","4.68","4.11","8645"
"Aaron Harang","9","9","4.45","0","0","180.0","178","89","17","133","76","1.41","6.65","3.80","4.11","1451"
"Wade LeBlanc","5","6","4.57","0","0","130.0","136","66","14","85","41","1.36","5.88","2.84","4.11","5221"
"Cory Wade","1","1","3.86","1","3","35.0","38","15","6","32","7","1.29","8.23","1.80","4.12","7570"
"Tommy Hanson","10","9","4.04","0","0","185.0","181","83","25","176","70","1.36","8.56","3.41","4.12","9129"
"Tim Stauffer","2","2","3.60","0","0","45.0","44","18","5","32","14","1.29","6.40","2.80","4.12","6432"
"Jose Quintana","7","7","4.20","0","0","150.0","157","70","15","89","46","1.35","5.34","2.76","4.12","11423"
"Zach Britton","3","3","4.28","0","0","80.0","83","38","7","60","37","1.50","6.75","4.16","4.13","3240"
"Cody Eppley","2","2","3.78","0","5","50.0","51","21","5","35","19","1.40","6.30","3.42","4.13","9095"
"Mike Minor","9","9","3.85","0","0","180.0","162","77","24","151","58","1.22","7.55","2.90","4.14","10021"
"Alfredo Aceves","2","2","4.15","1","8","65.0","57","30","7","53","23","1.23","7.34","3.18","4.14","5164"
"Arodys Vizcaino","2","2","4.42","0","3","55.0","51","27","6","55","29","1.45","9.00","4.75","4.14","5498"
"Henry Rodriguez","3","3","4.65","1","1","60.0","45","31","5","65","42","1.45","9.75","6.30","4.15","6371"
"Bud Norris","7","9","4.41","0","0","200.0","195","98","27","195","80","1.38","8.78","3.60","4.16","9492"
"Rubby de la Rosa","2","2","3.90","0","0","60.0","53","26","6","59","35","1.47","8.85","5.25","4.16","3862"
"Zach McAllister","6","7","4.18","0","0","140.0","152","65","21","123","43","1.39","7.91","2.76","4.17","2895"
"Jordan Norberto","2","2","4.32","0","2","50.0","37","24","5","43","25","1.24","7.74","4.50","4.17","8432"
"John Danks","7","8","4.61","0","0","160.0","163","82","18","114","54","1.36","6.41","3.04","4.17","6329"
"Jeff Francis","5","7","4.64","0","0","130.0","162","67","16","79","26","1.45","5.47","1.80","4.18","4684"
"Marc Rzepczynski","2","2","3.75","1","6","60.0","57","25","7","50","24","1.35","7.50","3.60","4.18","6612"
"Sam Freeman","2","2","4.50","1","2","40.0","34","20","4","36","20","1.35","8.10","4.50","4.18","6832"
"John Lannan","7","8","4.38","0","0","150.0","161","73","10","80","60","1.47","4.80","3.60","4.19","7080"
"J.A. Happ","4","4","4.24","0","0","85.0","85","40","11","79","37","1.44","8.36","3.92","4.19","7410"
"Carl Pavano","4","4","4.40","0","0","90.0","106","44","11","46","15","1.34","4.60","1.50","4.20","790"
"Francisco Liriano","7","8","4.61","0","0","160.0","149","82","18","161","84","1.46","9.06","4.73","4.21","3201"
"Martin Perez","5","5","4.75","0","0","110.0","136","58","10","72","43","1.63","5.89","3.52","4.21","6902"
"Randall Delgado","3","3","4.11","0","0","70.0","66","32","7","55","31","1.39","7.07","3.99","4.22","5985"
"Jerome Williams","4","4","4.02","0","0","85.0","86","38","11","60","23","1.28","6.35","2.44","4.22","1137"
"Julio Teheran","7","7","4.31","0","0","140.0","137","67","16","91","43","1.29","5.85","2.76","4.22","6797"
"Edinson Volquez","7","9","4.45","0","0","170.0","153","84","16","163","99","1.48","8.63","5.24","4.22","3990"
"Chris Narveson","4","5","4.59","0","0","100.0","101","51","12","78","39","1.40","7.02","3.51","4.23","2141"
"Luis Mendoza","3","3","4.39","0","0","80.0","85","39","7","50","29","1.43","5.63","3.26","4.23","3126"
"Alex Burnett","1","1","4.73","0","1","40.0","40","21","3","22","15","1.38","4.95","3.38","4.26","4065"
"Casey Kelly","6","6","3.98","0","0","120.0","117","53","16","101","41","1.32","7.58","3.08","4.26","9174"
"Dylan Bundy","2","2","4.32","0","0","75.0","70","36","8","63","35","1.40","7.56","4.20","4.26","12917"
"Ryan Mattheus","3","3","3.90","1","10","60.0","51","26","6","35","19","1.17","5.25","2.85","4.26","7169"
"Mark Lowe","3","3","4.50","1","3","60.0","57","30","8","48","22","1.32","7.20","3.30","4.26","7416"
"Oliver Perez","2","2","4.68","0","2","50.0","49","26","5","42","26","1.50","7.56","4.68","4.27","1514"
"James McDonald","8","8","4.17","0","0","175.0","160","81","22","153","74","1.34","7.87","3.81","4.27","5523"
"John Lackey","5","7","4.95","0","0","140.0","165","77","15","99","47","1.51","6.36","3.02","4.27","1507"
"Juan Cruz","2","2","4.28","0","2","40.0","39","19","4","37","22","1.53","8.33","4.95","4.28","273"
"Chad Qualls","2","2","4.43","1","5","65.0","75","32","8","38","18","1.43","5.26","2.49","4.29","2170"
"Carlos Carrasco","6","7","4.47","0","0","145.0","156","72","18","102","47","1.40","6.33","2.92","4.29","6632"
"Tanner Scheppers","3","3","4.14","1","7","50.0","50","23","7","42","17","1.34","7.56","3.06","4.31","10267"
"Hisashi Iwakuma","8","7","3.66","0","0","160.0","150","65","22","129","55","1.28","7.26","3.09","4.31","13048"
"Miguel Gonzalez","8","9","4.45","0","0","170.0","149","84","21","125","57","1.21","6.62","3.02","4.31","7024"
"Joe Saunders","9","10","4.01","0","0","200.0","217","89","25","118","53","1.35","5.31","2.39","4.32","4366"
"Carlos Zambrano","6","7","4.60","0","0","135.0","130","69","11","100","69","1.47","6.67","4.60","4.32","305"
"Michael Bowden","2","2","4.68","0","2","50.0","44","26","6","41","22","1.32","7.38","3.96","4.33","4440"
"Jose Arredondo","3","3","3.90","1","10","60.0","50","26","7","59","34","1.40","8.85","5.10","4.33","4722"
"David Phelps","5","4","3.93","0","0","110.0","90","48","16","106","42","1.20","8.67","3.44","4.33","6316"
"Hideki Okajima","0","0","0.00","0","5","20.0","22","0","2","15","9","1.55","6.75","4.05","4.33","7763"
"Franklin Morales","3","3","4.16","1","5","80.0","69","37","11","79","34","1.29","8.89","3.83","4.34","5088"
"Edgmer Escalona","2","2","4.25","0","4","55.0","50","26","8","44","17","1.22","7.20","2.78","4.36","8574"
"Chris Tillman","6","6","4.37","0","0","140.0","125","68","19","104","46","1.22","6.69","2.96","4.36","5279"
"Dustin Moseley","1","1","4.20","0","0","30.0","30","14","3","16","10","1.33","4.80","3.00","4.36","7060"
"Ubaldo Jimenez","7","10","4.77","0","0","200.0","200","106","23","175","97","1.49","7.88","4.37","4.37","3374"
"Trevor Bauer","6","8","4.50","0","0","140.0","122","70","16","148","86","1.49","9.51","5.53","4.37","12703"
"Ivan Nova","11","10","4.11","0","0","195.0","214","89","27","157","65","1.43","7.25","3.00","4.37","1994"
"Felix Doubront","7","7","4.11","0","0","160.0","162","73","24","164","72","1.46","9.23","4.05","4.37","1478"
"Wei-Yin Chen","9","10","4.26","0","0","190.0","184","90","29","152","56","1.26","7.20","2.65","4.38","13071"
"Guillermo Moscoso","3","3","4.39","0","0","80.0","85","39","11","61","27","1.40","6.86","3.04","4.38","5106"
"Clayton Richard","9","9","3.92","0","0","195.0","203","85","24","105","49","1.29","4.85","2.26","4.38","3551"
"Josh Outman","2","2","4.37","0","0","70.0","77","34","9","59","32","1.56","7.59","4.11","4.39","4004"
"Tyler Cloyd","2","2","4.25","0","0","55.0","55","26","10","50","12","1.22","8.18","1.96","4.39","8536"
"Stephen Pryor","2","2","4.20","1","7","60.0","57","28","9","70","34","1.52","10.50","5.10","4.40","10663"
"Michael Kirkman","3","3","4.15","0","0","65.0","48","30","9","65","31","1.22","9.00","4.29","4.40","9877"
"Jason Vargas","11","8","3.96","0","0","200.0","191","88","28","129","53","1.22","5.81","2.39","4.40","8044"
"Mike Leake","3","3","4.08","0","0","75.0","81","34","11","50","18","1.32","6.00","2.16","4.40","10130"
"Carlos Villanueva","6","7","4.18","1","5","140.0","130","65","22","127","50","1.29","8.16","3.21","4.42","4138"
"Phil Hughes","9","9","4.40","0","0","180.0","184","88","30","151","48","1.29","7.55","2.40","4.42","7450"
"Matt Guerrier","3","3","4.65","1","3","60.0","47","31","7","41","23","1.17","6.15","3.45","4.43","2061"
"Kyle Kendrick","8","8","4.06","0","0","155.0","153","70","20","101","46","1.28","5.86","2.67","4.43","6230"
"Jhoulys Chacin","6","7","4.38","0","0","150.0","146","73","17","114","69","1.43","6.84","4.14","4.44","2608"
"Brandon Gomes","2","2","5.25","0","1","60.0","55","35","6","52","34","1.48","7.80","5.10","4.45","2267"
"Jake Arrieta","2","2","4.35","0","0","60.0","62","29","9","52","22","1.40","7.80","3.30","4.45","4153"
"Clay Hensley","2","2","4.65","0","0","60.0","56","31","6","49","31","1.45","7.35","4.65","4.45","4593"
"Luis Marte","2","2","4.86","0","1","50.0","46","27","7","43","20","1.32","7.74","3.60","4.45","8651"
"Freddy Garcia","4","4","4.17","0","0","110.0","115","51","16","81","34","1.35","6.63","2.78","4.46","1077"
"Jeremy Hellickson","11","8","3.65","0","0","200.0","175","81","26","136","69","1.22","6.12","3.11","4.47","4371"
"Matt Capps","2","2","3.96","0","5","50.0","51","22","8","31","9","1.20","5.58","1.62","4.47","4788"
"Chris Rusin","3","3","4.56","0","0","75.0","81","38","9","54","28","1.45","6.48","3.36","4.47","9895"
"Tyler Robertson","2","2","4.00","0","3","45.0","38","20","6","47","25","1.40","9.40","5.00","4.47","3223"
"Derek Holland","11","11","4.28","0","0","200.0","193","95","32","165","63","1.28","7.43","2.84","4.48","4141"
"Jordan Lyles","6","8","4.44","0","0","160.0","181","79","23","113","47","1.43","6.36","2.64","4.48","7593"
"Clay Buchholz","8","7","3.88","0","0","160.0","154","69","20","111","56","1.31","6.24","3.15","4.49","3543"
"D.J. Carrasco","2","2","4.50","0","0","50.0","61","25","6","34","17","1.56","6.12","3.06","4.49","1666"
"Kevin Correia","6","8","4.62","0","0","150.0","158","77","19","83","43","1.34","4.98","2.58","4.49","1767"
"Jair Jurrjens","4","5","4.91","0","0","110.0","123","60","13","62","37","1.45","5.07","3.03","4.50","5556"
"Luke Hochevar","3","3","4.95","0","0","80.0","85","44","11","59","26","1.39","6.64","2.93","4.51","6943"
"Barry Zito","7","8","4.59","0","0","155.0","153","79","18","100","61","1.38","5.81","3.54","4.51","944"
"Danny Hultzen","4","4","4.41","0","0","100.0","96","49","12","82","52","1.48","7.38","4.68","4.51","sa455118"
"Jorge de la Rosa","6","7","4.44","0","0","150.0","147","74","23","133","58","1.37","7.98","3.48","4.51","2047"
"Livan Hernandez","3","3","4.24","0","0","70.0","81","33","10","43","19","1.43","5.53","2.44","4.52","1116"
"Bronson Arroyo","11","10","4.10","0","0","200.0","208","91","31","121","41","1.25","5.45","1.85","4.53","978"
"Justin Wilson","1","1","4.95","1","6","40.0","37","22","4","32","23","1.50","7.20","5.18","4.53","4301"
"Justin De Fratus","0","0","4.50","0","1","20.0","13","10","2","16","11","1.20","7.20","4.95","4.53","4955"
"Matt Reynolds","2","2","3.60","1","10","60.0","64","24","11","55","19","1.38","8.25","2.85","4.53","8887"
"Louis Coleman","2","2","4.05","1","6","60.0","47","27","11","73","29","1.27","10.95","4.35","4.53","9720"
"Jeff Locke","2","2","4.00","0","0","45.0","49","20","7","40","17","1.47","8.00","3.40","4.54","2929"
"Nathan Adcock","1","1","4.37","0","1","35.0","37","17","4","22","14","1.46","5.66","3.60","4.54","3282"
"Chad Durbin","2","2","4.32","0","2","50.0","48","24","7","42","22","1.40","7.56","3.96","4.55","1442"
"B.J. Rosenberg","2","2","4.50","0","0","40.0","29","20","5","38","22","1.28","8.55","4.95","4.56","7183"
"Travis Wood","6","7","4.44","0","0","160.0","145","79","23","122","55","1.25","6.86","3.09","4.56","9884"
"Brad Brach","2","2","4.09","1","7","55.0","43","25","9","63","29","1.31","10.31","4.75","4.56","6627"
"Hector Santiago","2","2","4.20","0","5","60.0","45","28","8","66","34","1.32","9.90","5.10","4.56","4026"
"Matt Albers","2","2","3.90","1","6","60.0","52","26","8","48","25","1.28","7.20","3.75","4.56","4300"
"Josh Lindblom","3","3","4.35","1","5","60.0","50","29","9","59","28","1.30","8.85","4.20","4.56","7882"
"Jim Miller","2","2","4.89","0","0","35.0","28","19","4","32","20","1.37","8.23","5.14","4.57","7458"
"Danny Duffy","2","2","4.73","0","0","40.0","43","21","5","36","22","1.63","8.10","4.95","4.58","3542"
"Nick Hagadone","1","1","4.80","0","0","30.0","28","16","4","31","18","1.53","9.30","5.40","4.60","1351"
"Tyler Skaggs","8","10","4.16","0","0","160.0","165","74","24","128","57","1.39","7.20","3.21","4.60","10190"
"Drew Pomeranz","7","9","4.55","0","0","170.0","172","86","23","145","79","1.48","7.68","4.18","4.60","11426"
"Josh Roenicke","2","2","4.50","0","2","50.0","48","25","5","32","25","1.46","5.76","4.50","4.61","3241"
"Ricky Romero","11","11","4.54","0","0","210.0","206","106","23","155","103","1.47","6.64","4.41","4.62","3403"
"Bruce Chen","7","8","4.39","0","0","160.0","173","78","25","113","45","1.36","6.36","2.53","4.62","769"
"John Ely","2","2","5.04","0","0","50.0","59","28","6","44","28","1.74","7.92","5.04","4.63","6132"
"Christian Friedrich","2","2","4.29","0","0","65.0","79","31","11","57","23","1.57","7.89","3.18","4.63","7942"
"Chris Volstad","2","2","5.10","0","0","60.0","70","34","8","37","21","1.52","5.55","3.15","4.63","9901"
"Drew Hutchison","0","0","4.05","0","0","20.0","20","9","3","17","7","1.35","7.65","3.15","4.63","10732"
"Tony Sipp","2","2","4.20","1","5","60.0","48","28","10","57","26","1.23","8.55","3.90","4.65","8280"
"Bill Bray","1","1","5.70","6","0","30.0","22","19","3","28","21","1.43","8.40","6.30","4.66","8538"
"Chris Hatcher","2","2","5.10","0","1","60.0","74","34","8","43","25","1.65","6.45","3.75","4.68","3299"
"David Huff","2","2","4.80","0","0","45.0","53","24","7","29","13","1.47","5.80","2.60","4.70","4257"
"Garrett Richards","4","5","4.86","0","0","100.0","109","54","11","66","48","1.57","5.94","4.32","4.70","9784"
"Jason Marquis","6","8","4.50","0","0","160.0","184","80","23","105","54","1.49","5.91","3.04","4.71","105"
"Joe Savery","0","0","4.50","0","1","20.0","20","10","3","13","6","1.30","5.85","2.70","4.73","2835"
"Blake Beavan","5","7","4.13","0","0","120.0","136","55","18","53","19","1.29","3.98","1.43","4.75","338"
"Doug Slaten","2","2","4.95","0","1","60.0","59","33","6","40","33","1.53","6.00","4.95","4.75","3107"
"Jacob Turner","6","7","4.44","0","0","140.0","133","69","23","92","41","1.24","5.91","2.64","4.75","10185"
"Anthony Swarzak","1","1","4.50","0","0","40.0","44","20","6","24","12","1.40","5.40","2.70","4.76","7466"
"Dylan Axelrod","3","3","4.76","0","0","70.0","76","37","10","57","30","1.51","7.33","3.86","4.76","9303"
"Randy Wells","3","3","5.10","0","0","60.0","65","34","7","37","27","1.53","5.55","4.05","4.76","4535"
"Jose Ceda","0","0","4.32","0","0","25.0","21","12","3","26","18","1.56","9.36","6.48","4.79","2377"
"Pat Neshek","2","2","4.60","0","2","45.0","28","23","6","38","24","1.16","7.60","4.80","4.81","4682"
"Jeremy Guthrie","9","10","4.38","0","0","195.0","211","95","29","112","55","1.36","5.17","2.54","4.81","2072"
"Philip Humber","6","9","4.83","0","0","175.0","182","94","29","137","63","1.40","7.05","3.24","4.82","8586"
"Dan Wheeler","2","2","5.40","1","2","55.0","56","33","9","36","17","1.33","5.89","2.78","4.83","120"
"J.P. Howell","3","3","4.20","1","5","60.0","49","28","9","52","28","1.28","7.80","4.20","4.85","8245"
"Robert Carson","2","2","5.80","0","1","45.0","45","29","5","17","14","1.31","3.40","2.80","4.85","2570"
"Rich Harden","2","2","4.20","0","0","60.0","60","28","11","63","28","1.47","9.45","4.20","4.86","1772"
"Kevin Gregg","3","3","4.65","0","5","60.0","63","31","8","54","35","1.63","8.10","5.25","4.86","1793"
"Mike Zagurski","0","0","4.50","0","1","20.0","20","10","3","19","11","1.55","8.55","4.95","4.88","9683"
"Brett Cecil","2","2","4.63","0","0","35.0","38","18","6","26","12","1.43","6.69","3.09","4.89","2660"
"David Carpenter","0","0","4.68","0","0","25.0","32","13","4","22","12","1.76","7.92","4.32","4.91","9244"
"Will Ohman","2","2","4.65","1","3","60.0","56","31","10","46","18","1.23","6.90","2.70","4.91","296"
"Francisco Cordero","2","2","4.65","1","5","60.0","69","31","9","44","25","1.57","6.60","3.75","4.91","1243"
"Ervin Santana","9","9","4.23","0","0","200.0","187","94","35","152","67","1.27","6.84","3.02","4.93","3200"
"Miguel Batista","2","2","4.80","0","1","60.0","60","32","6","39","35","1.58","5.85","5.25","4.93","46"
"Cole DeVries","3","3","4.61","0","0","80.0","81","41","15","53","17","1.23","5.96","1.91","4.93","8201"
"Casey Coleman","4","6","5.15","0","0","110.0","126","63","15","83","57","1.66","6.79","4.66","4.93","8270"
"Brian Matusz","3","3","4.95","0","2","80.0","95","44","14","65","33","1.60","7.31","3.71","4.96","2646"
"Tsuyoshi Wada","7","9","4.37","0","0","70.0","71","34","11","47","21","1.31","6.04","2.70","4.97","sa637062"
"Kyle McClellan","0","0","4.50","0","1","20.0","19","10","3","12","7","1.30","5.40","3.15","4.98","4845"
"Aaron Cook","2","2","5.10","0","0","60.0","74","34","8","20","17","1.52","3.00","2.55","5.00","1571"
"Henderson Alvarez","7","9","4.53","0","0","175.0","199","88","27","78","47","1.41","4.01","2.42","5.02","5669"
"Elvin Ramirez","2","2","5.20","0","1","45.0","51","26","4","47","43","2.09","9.40","8.60","5.03","sa393226"
"Daniel Bard","1","1","5.18","0","1","40.0","34","23","5","33","23","1.43","7.43","5.18","5.03","7115"
"Logan Ondrusek","3","3","4.95","0","1","60.0","55","33","8","42","31","1.43","6.30","4.65","5.06","3677"
"Tyler Chatwood","2","2","4.58","0","0","55.0","64","28","7","32","28","1.67","5.24","4.58","5.10","4338"
"Clayton Mortensen","2","2","4.60","0","2","45.0","43","23","6","23","19","1.38","4.60","3.80","5.14","3166"
"Aaron Laffey","3","3","4.76","0","0","70.0","74","37","10","35","27","1.44","4.50","3.47","5.17","6248"
"Daisuke Matsuzaka","3","3","5.06","0","0","80.0","89","45","14","69","39","1.60","7.76","4.39","5.19","7775"
"Hector Noesi","2","2","5.24","0","0","55.0","57","32","10","37","20","1.40","6.05","3.27","5.19","3292"
"Chien-Ming Wang","3","3","5.14","0","0","70.0","95","40","10","32","25","1.71","4.11","3.21","5.22","2074"
"Rafael Dolis","1","1","5.14","0","0","35.0","36","20","4","22","21","1.63","5.66","5.40","5.23","4185"
"Jenrry Mejia","6","8","4.80","0","0","60.0","64","32","7","31","33","1.62","4.65","4.95","5.26","8476"
"Josh Stinson","3","3","5.51","0","0","80.0","71","49","9","35","44","1.44","3.94","4.95","5.34","3219"
"Everett Teaford","2","2","4.65","1","1","60.0","63","31","11","35","20","1.38","5.25","3.00","5.35","3732"
"Nick Blackburn","2","2","5.40","0","0","50.0","67","30","9","23","14","1.62","4.14","2.52","5.35","4270"
"Kyle Drabek","1","1","5.04","0","0","25.0","25","14","3","16","17","1.68","5.76","6.12","5.35","4359"
"J.C. Romero","2","2","5.18","0","1","40.0","53","23","6","27","21","1.85","6.08","4.73","5.36","754"
"Liam Hendriks","4","6","4.90","0","0","125.0","156","68","24","75","38","1.55","5.40","2.74","5.36","3548"
"Roberto Hernandez","3","3","5.40","0","0","70.0","84","42","10","10","15","1.41","1.29","1.93","5.37","3273"
"Dan Jennings","2","2","5.94","2","1","50.0","47","33","5","21","29","1.52","3.78","5.22","5.41","8073"
"Tommy Hunter","2","2","4.50","0","0","60.0","70","30","13","34","13","1.38","5.10","1.95","5.46","1157"
"Dan Straily","4","4","4.40","0","0","90.0","83","44","19","74","37","1.33","7.40","3.70","5.50","9460"
"Alex White","6","9","5.01","0","0","140.0","164","78","23","93","72","1.69","5.98","4.63","5.55","10054"
"Barry Enright","3","3","5.79","0","0","70.0","87","45","13","34","24","1.59","4.37","3.09","5.59","2412"
"Dallas Keuchel","6","9","5.13","0","0","135.0","148","77","22","60","62","1.56","4.00","4.13","5.68","9434"
